<?xml version="1.0" encoding="UTF-8" standalone="yes"?>
<contentHaul xmlns:a="http://www.appian.com/ae/types/2009">
    <versionUuid>_a-0000e5f0-9185-8000-9baa-011c48011c48_43286</versionUuid>
    <rule>
        <name>HAP_TestBackground</name>
        <uuid>_a-0000e5f0-9185-8000-9baa-011c48011c48_41671</uuid>
        <description>Testing for academic background. </description>
        <parentUuid>_a-0000e5f0-9185-8000-9baa-011c48011c48_34262</parentUuid>
        <visibility>
            <advertise>false</advertise>
            <hierarchy>true</hierarchy>
            <indexable>true</indexable>
            <quota>false</quota>
            <searchable>true</searchable>
            <system>false</system>
            <unlogged>false</unlogged>
        </visibility>
        <definition>     #"SYSTEM_SYSRULES_sectionLayout_v1"(
        label: "Education Information",
        contents: {
          #"SYSTEM_SYSRULES_richTextDisplayField"(
            label: "Useful Hints:",
            labelPosition: "COLLAPSED",
            value: {
              #"SYSTEM_SYSRULES_richTextBulletedList"(
                items: {
                  "When entering your institution below, please enter the degree granting institution's name and not the affiliated college.",
                  "If your search yields many results with the same institution name, try narrowing down your search by entering the city where the institution is located",
                  "Some institution names are abbreviated. For instance, 'institute may' be abbreviated to 'inst'."

                }
              )
            }
          ),
          #"SYSTEM_SYSRULES_sideBySideLayout"(
            items: {
              #"SYSTEM_SYSRULES_sideBySideItem"(
                item: #"SYSTEM_SYSRULES_dropdownField_v1"(
                  label: "University Name",
                  labelPosition: "ABOVE",
                  placeholder: "--- Select a Value ---",
                  choiceLabels: #"_a-0000e5f0-9185-8000-9baa-011c48011c48_35301",
                  choiceValues: #"_a-0000e5f0-9185-8000-9baa-011c48011c48_35301",
                  value: ri!education.universityName,
                  saveInto: ri!education.universityName,
                  searchDisplay: "AUTO",
                  required: true,
                  validations: {}
                )
              )
            }
          ),
          #"SYSTEM_SYSRULES_sideBySideLayout"(
            items: {
              #"SYSTEM_SYSRULES_sideBySideItem"(
                item: #"SYSTEM_SYSRULES_dropdownField_v1"(
                  label: "Degree Type",
                  labelPosition: "ABOVE",
                  placeholder: "--- Select a Value ---",
                  choiceLabels: #"_a-0000e5f0-9185-8000-9baa-011c48011c48_42440",
                  choiceValues: #"_a-0000e5f0-9185-8000-9baa-011c48011c48_42440",
                  value: ri!education.degreeType,
                  saveInto: ri!education.degreeType,
                  searchDisplay: "AUTO",
                  required: true,
                  validations: {}
                )
              ),
              #"SYSTEM_SYSRULES_sideBySideItem"(
                item: #"SYSTEM_SYSRULES_textField"(
                  label: "Major",
                  labelPosition: "ABOVE",
                  value: ri!education.universityMajor,
                  saveInto: ri!education.universityMajor,
                  refreshAfter: "UNFOCUS",
                  required: true,
                  validations: {}
                )
              ),
              #"SYSTEM_SYSRULES_sideBySideItem"(
                item: #"SYSTEM_SYSRULES_floatingPointField"(
                  label: "GPA",
                  labelPosition: "ABOVE",
                  value: ri!education.universityGPA,
                  saveInto: ri!education.universityGPA,
                  refreshAfter: "UNFOCUS",
                  required: true,
                  validations: {}
                )
              )
            }
          ),
          #"SYSTEM_SYSRULES_sideBySideLayout"(
            items: {
              #"SYSTEM_SYSRULES_sideBySideItem"(
                item: #"SYSTEM_SYSRULES_dateField"(
                  label: "University Start Date",
                  labelPosition: "ABOVE",
                  value: ri!education.universityBeginDate,
                  saveInto: ri!education.universityBeginDate,
                  required: true,
                  validations: {}
                )
              ),
              #"SYSTEM_SYSRULES_sideBySideItem"(
                item: #"SYSTEM_SYSRULES_dateField"(
                  label: "University Completion Date / Expected Graduation Date",
                  labelPosition: "ABOVE",
                  value: ri!education.universityEndDate,
                  saveInto: ri!education.universityEndDate,
                  required: true,
                  validations: {}
                )
              ),
              #"SYSTEM_SYSRULES_sideBySideItem"(
                item: #"SYSTEM_SYSRULES_fileUploadField_v1"(
                  label: "Upload Transcript/Diploma/Degree Certificate",
                  labelPosition: "ABOVE",
                  target: #"_a-0000e5f0-9185-8000-9baa-011c48011c48_35468",
                  value: ri!education.transcript,
                  saveInto: ri!education.transcript,
                  validations: {}
                )
              )
            }
          )
        }
      )
</definition>
        <namedTypedValue>
            <name>education</name>
            <type>
                <name>HAP_Academic_Background</name>
                <namespace>urn:com:appian:types</namespace>
            </type>
        </namedTypedValue>
        <preferredEditor>interface</preferredEditor>
        <offlineEnabled>false</offlineEnabled>
    </rule>
    <roleMap public="true">
        <role inherit="true" allowForAll="false" name="readers">
            <users/>
            <groups/>
        </role>
        <role inherit="true" allowForAll="false" name="authors">
            <users/>
            <groups/>
        </role>
        <role inherit="true" allowForAll="false" name="administrators">
            <users/>
            <groups/>
        </role>
        <role inherit="false" allowForAll="false" name="denyReaders">
            <users/>
            <groups/>
        </role>
        <role inherit="false" allowForAll="false" name="denyAuthors">
            <users/>
            <groups/>
        </role>
        <role inherit="false" allowForAll="false" name="denyAdministrators">
            <users/>
            <groups/>
        </role>
    </roleMap>
    <history>
        <historyInfo versionUuid="_a-0000e5f0-9185-8000-9baa-011c48011c48_43286"/>
    </history>
</contentHaul>
