<?xml version="1.0" encoding="UTF-8" standalone="yes"?>
<contentHaul xmlns:a="http://www.appian.com/ae/types/2009">
    <versionUuid>_a-0000e5f0-9185-8000-9baa-011c48011c48_44546</versionUuid>
    <rule>
        <name>HAP_PersonalInformationForm</name>
        <uuid>_a-0000e5f0-9185-8000-9baa-011c48011c48_44336</uuid>
        <description>captures the applicant basic details</description>
        <parentUuid>_a-0000e5f0-9185-8000-9baa-011c48011c48_34262</parentUuid>
        <visibility>
            <advertise>false</advertise>
            <hierarchy>true</hierarchy>
            <indexable>true</indexable>
            <quota>false</quota>
            <searchable>true</searchable>
            <system>false</system>
            <unlogged>false</unlogged>
        </visibility>
        <definition>#"SYSTEM_SYSRULES_formLayout_v1"(
  label: "Personal Info",
  contents: {
    #"SYSTEM_SYSRULES_sectionLayout_v1"(
      label: "Contact Information",
      contents: {
        #"SYSTEM_SYSRULES_sideBySideLayout"(
          items: {
            #"SYSTEM_SYSRULES_sideBySideItem"(
              item: #"SYSTEM_SYSRULES_textField"(
                label: "First Name",
                labelPosition: "ABOVE",
                value: ri!applicant.firstName,
                saveInto: ri!applicant.firstName,
                refreshAfter: "UNFOCUS",
                required: true,
                validations: {}
              )
            ),
            #"SYSTEM_SYSRULES_sideBySideItem"(
              item: #"SYSTEM_SYSRULES_textField"(
                label: "Middle Name",
                labelPosition: "ABOVE",
                value: ri!applicant.middleName,
                saveInto: ri!applicant.middleName,
                refreshAfter: "UNFOCUS",
                validations: {}
              )
            ),
            #"SYSTEM_SYSRULES_sideBySideItem"(
              item: #"SYSTEM_SYSRULES_textField"(
                label: "Last Name",
                labelPosition: "ABOVE",
                value: ri!applicant.lastName,
                saveInto: ri!applicant.lastName,
                refreshAfter: "UNFOCUS",
                required: true,
                validations: {}
              )
            )
          }
        ),
        #"SYSTEM_SYSRULES_sideBySideLayout"(
          items: {
            #"SYSTEM_SYSRULES_sideBySideItem"(
              item: #"SYSTEM_SYSRULES_multipleDropdownField_v1"(
                label: "Suffix",
                labelPosition: "ABOVE",
                choiceLabels: #"_a-0000e5f0-9185-8000-9baa-011c48011c48_35720",
                choiceValues: #"_a-0000e5f0-9185-8000-9baa-011c48011c48_35720",
                value: ri!applicant.nameSuffix,
                saveInto: ri!applicant.nameSuffix,
                searchDisplay: "AUTO",
                validations: {}
              )
            ),
            #"SYSTEM_SYSRULES_sideBySideItem"(
              item: #"SYSTEM_SYSRULES_dateField"(
                label: "Date of Birth",
                labelPosition: "ABOVE",
                value: ri!applicant.dateOfBirth,
                saveInto: ri!applicant.dateOfBirth,
                required: true,
                validations: {},
                align: "LEFT"
              )
            ),
            #"SYSTEM_SYSRULES_sideBySideItem"(
              item: #"SYSTEM_SYSRULES_radioButtonField"(
                label: "Gender",
                labelPosition: "ABOVE",
                choiceLabels: {"Male", "Female"},
                choiceValues: {"Male", "Female"},
                value: ri!applicant.gender,
                saveInto: ri!applicant.gender,
                required: true,
                choiceLayout: "COMPACT",
                choiceStyle: "STANDARD",
                validations: {}
              )
            )
          }
        )
      }
    ),
    #"SYSTEM_SYSRULES_sectionLayout_v1"(
      label: "Current Mailing Address",
      contents: {
        #"SYSTEM_SYSRULES_columnsLayout"(
          columns: {
            #"SYSTEM_SYSRULES_columnLayout"(
              contents: {
                #"SYSTEM_SYSRULES_textField"(
                  label: "Street Address",
                  labelPosition: "ABOVE",
                  value: ri!applicant.homeStAddressLine1,
                  saveInto: ri!applicant.homeStAddressLine1,
                  refreshAfter: "UNFOCUS",
                  required: true,
                  validations: {}
                ),
                #"SYSTEM_SYSRULES_textField"(
                  label: "City",
                  labelPosition: "ABOVE",
                  value: ri!applicant.homeCity,
                  saveInto: ri!applicant.homeCity,
                  refreshAfter: "UNFOCUS",
                  required: true,
                  validations: {}
                ),
                #"SYSTEM_SYSRULES_integerField"(
                  label: "Zip Code",
                  labelPosition: "ABOVE",
                  value: ri!applicant.homeZipcode,
                  saveInto: ri!applicant.homeZipcode,
                  refreshAfter: "UNFOCUS",
                  required: true,
                  validations: {}
                )
              }
            ),
            #"SYSTEM_SYSRULES_columnLayout"(
              contents: {
                #"SYSTEM_SYSRULES_textField"(
                  label: "Apt./Building No.",
                  labelPosition: "ABOVE",
                  value: ri!applicant.homeStAddressLine2,
                  saveInto: ri!applicant.homeStAddressLine2,
                  refreshAfter: "UNFOCUS",
                  required: true,
                  validations: {}
                ),
                #"SYSTEM_SYSRULES_textField"(
                  label: "State",
                  labelPosition: "ABOVE",
                  value: ri!applicant.homeState,
                  saveInto: ri!applicant.homeState,
                  refreshAfter: "UNFOCUS",
                  required: true,
                  validations: {}
                )
              }
            )
          }
        )
      }
    ),
    #"SYSTEM_SYSRULES_radioButtonField"(
      label: "Is your permanent mailing address different from your current mailing address ?",
      labelPosition: "ABOVE",
      choiceLabels: {"Yes", "No"},
      choiceValues: {true, false},
      value: ri!applicant.isMailingAddrSameAsHome,
      saveInto: ri!applicant.isMailingAddrSameAsHome,
      choiceLayout: "COMPACT",
      choiceStyle: "STANDARD",
      validations: {}
    ),
    #"SYSTEM_SYSRULES_sectionLayout_v1"(
      label: "Permanent Mailing Address",
      contents: {
        #"SYSTEM_SYSRULES_columnsLayout"(
          columns: {
            #"SYSTEM_SYSRULES_columnLayout"(
              contents: {
                #"SYSTEM_SYSRULES_textField"(
                  label: "Street Address",
                  labelPosition: "ABOVE",
                  value: ri!applicant.mailingStAddressLine1,
                  saveInto: ri!applicant.mailingStAddressLine1,
                  refreshAfter: "UNFOCUS",
                  validations: {}
                ),
                #"SYSTEM_SYSRULES_textField"(
                  label: "City",
                  labelPosition: "ABOVE",
                  value: ri!applicant.mailingCity,
                  saveInto: ri!applicant.mailingCity,
                  refreshAfter: "UNFOCUS",
                  validations: {}
                ),
                #"SYSTEM_SYSRULES_integerField"(
                  label: "Zip Code",
                  labelPosition: "ABOVE",
                  value: ri!applicant.mailingZipcode,
                  saveInto: ri!applicant.mailingZipcode,
                  refreshAfter: "UNFOCUS",
                  validations: {}
                )
              }
            ),
            #"SYSTEM_SYSRULES_columnLayout"(
              contents: {
                #"SYSTEM_SYSRULES_textField"(
                  label: "Apt./Building No.",
                  labelPosition: "ABOVE",
                  value: ri!applicant.mailingStAddressLine2,
                  saveInto: ri!applicant.mailingStAddressLine2,
                  refreshAfter: "UNFOCUS",
                  validations: {}
                ),
                #"SYSTEM_SYSRULES_textField"(
                  label: "State",
                  labelPosition: "ABOVE",
                  value: ri!applicant.mailingState,
                  saveInto: ri!applicant.mailingState,
                  refreshAfter: "UNFOCUS",
                  validations: {}
                )
              }
            )
          }
        )
      },
      showWhen: if(true
      /*if(and(not(isnull(ri!applicant.isMailingAddrSameAsHome)),(ri!applicant.isMailingAddrSameAsHome)),
true,
false)*/, true, false)
    ),
    #"SYSTEM_SYSRULES_sectionLayout_v1"(
      label: "Contact Details",
      contents: {
        #"SYSTEM_SYSRULES_columnsLayout"(
          columns: {
            #"SYSTEM_SYSRULES_columnLayout"(
              contents: {
                #"SYSTEM_SYSRULES_integerField"(
                  label: "Primary Phone",
                  labelPosition: "ABOVE",
                  value: ri!applicant.primaryPhone,
                  saveInto: ri!applicant.primaryPhone,
                  refreshAfter: "UNFOCUS",
                  required: false,
                  masked: false,
                  validations: {},
                  align: "LEFT"
                )
              }
            ),
            #"SYSTEM_SYSRULES_columnLayout"(
              contents: {
                #"SYSTEM_SYSRULES_textField"(
                  label: "Mobile Phone",
                  labelPosition: "ABOVE",
                  saveInto: {},
                  refreshAfter: "UNFOCUS",
                  required: false,
                  validations: {},
                  align: "LEFT"
                )
              }
            )
          }
        ),
        #"SYSTEM_SYSRULES_columnsLayout"(
          columns: {
            #"SYSTEM_SYSRULES_columnLayout"(
              contents: {
                #"SYSTEM_SYSRULES_textField"(
                  label: "Primary Email",
                  labelPosition: "ABOVE",
                  value: ri!applicant.primaryEmail,
                  saveInto: ri!applicant.primaryEmail,
                  refreshAfter: "UNFOCUS",
                  validations: {}
                )
              }
            ),
            #"SYSTEM_SYSRULES_columnLayout"(
              contents: {
                #"SYSTEM_SYSRULES_textField"(
                  label: "Secondary / Recovery Email",
                  labelPosition: "ABOVE",
                  value: ri!applicant.secondaryEmail,
                  saveInto: ri!applicant.secondaryEmail,
                  refreshAfter: "UNFOCUS",
                  validations: {}
                )
              }
            )
          }
        )
      }
    ),
    #"SYSTEM_SYSRULES_sectionLayout_v1"(
      label: "Emergency Contact",
      contents: {
        #"SYSTEM_SYSRULES_sideBySideLayout"(
          items: {
            #"SYSTEM_SYSRULES_sideBySideItem"(
              item: #"SYSTEM_SYSRULES_textField"(
                label: "First Name",
                labelPosition: "ABOVE",
                value: ri!applicant.ecFirstName,
                saveInto: ri!applicant.ecFirstName,
                refreshAfter: "UNFOCUS",
                validations: {}
              )
            ),
            #"SYSTEM_SYSRULES_sideBySideItem"(
              item: #"SYSTEM_SYSRULES_textField"(
                label: "Middle Name",
                labelPosition: "ABOVE",
                value: ri!applicant.ecMiddleName,
                saveInto: ri!applicant.ecMiddleName,
                refreshAfter: "UNFOCUS",
                validations: {}
              )
            ),
            #"SYSTEM_SYSRULES_sideBySideItem"(
              item: #"SYSTEM_SYSRULES_textField"(
                label: "Last Name",
                labelPosition: "ABOVE",
                value: ri!applicant.ecLastName,
                saveInto: ri!applicant.ecLastName,
                refreshAfter: "UNFOCUS",
                validations: {}
              )
            )
          }
        )
      }
    ),
    #"SYSTEM_SYSRULES_columnsLayout"(
      columns: {
        #"SYSTEM_SYSRULES_columnLayout"(
          contents: {
            #"SYSTEM_SYSRULES_textField"(
              label: "Email",
              labelPosition: "ABOVE",
              value: ri!applicant.ecEmail,
              saveInto: ri!applicant.ecEmail,
              refreshAfter: "UNFOCUS",
              validations: {}
            ),
            #"SYSTEM_SYSRULES_textField"(
              label: "Primary Phone",
              labelPosition: "ABOVE",
              saveInto: {},
              refreshAfter: "UNFOCUS",
              validations: {}
            )
          }
        ),
        #"SYSTEM_SYSRULES_columnLayout"(
          contents: {
            #"SYSTEM_SYSRULES_radioButtonField"(
              label: "Relationship",
              labelPosition: "ABOVE",
              choiceLabels: {"Parent", "Sibling", "Partner", "Other"},
              choiceValues: {"Parent", "Sibling", "Partner", "Other"},
              value: ri!applicant.ecRelationship,
              saveInto: ri!applicant.ecRelationship,
              choiceLayout: "STACKED",
              validations: {}
            )
          }
        )
      }
    )
  },
  buttons: #"SYSTEM_SYSRULES_ButtonLayout"(
    primaryButtons: {
      #"SYSTEM_SYSRULES_ButtonWidget"(
        label: "Next",
        icon: "arrow-right",
        saveInto: {
          a!save(ri!applicant, ri!applicant)
        },
        submit: true,
        style: "PRIMARY"
      )
    },
    secondaryButtons: {
      #"SYSTEM_SYSRULES_ButtonWidget"(
        label: "Cancel",
        value: true,
        saveInto: ri!cancel,
        submit: true,
        style: "NORMAL",
        validate: false
      )
    }
  )
)</definition>
        <namedTypedValue>
            <name>applicant</name>
            <type>
                <name>HAP_Applicant</name>
                <namespace>urn:com:appian:types.utd.af</namespace>
            </type>
        </namedTypedValue>
        <namedTypedValue>
            <name>cancel</name>
            <type>
                <name>boolean</name>
                <namespace>http://www.w3.org/2001/XMLSchema</namespace>
            </type>
        </namedTypedValue>
        <preferredEditor>interface</preferredEditor>
        <offlineEnabled>false</offlineEnabled>
    </rule>
    <roleMap public="true">
        <role inherit="true" allowForAll="false" name="readers">
            <users/>
            <groups/>
        </role>
        <role inherit="true" allowForAll="false" name="authors">
            <users/>
            <groups/>
        </role>
        <role inherit="true" allowForAll="false" name="administrators">
            <users/>
            <groups/>
        </role>
        <role inherit="false" allowForAll="false" name="denyReaders">
            <users/>
            <groups/>
        </role>
        <role inherit="false" allowForAll="false" name="denyAuthors">
            <users/>
            <groups/>
        </role>
        <role inherit="false" allowForAll="false" name="denyAdministrators">
            <users/>
            <groups/>
        </role>
    </roleMap>
    <history>
        <historyInfo versionUuid="_a-0000e5f0-9185-8000-9baa-011c48011c48_44546"/>
    </history>
</contentHaul>
