<?xml version="1.0" encoding="UTF-8" standalone="yes"?>
<contentHaul xmlns:a="http://www.appian.com/ae/types/2009">
    <versionUuid>_a-0000e5f0-9185-8000-9baa-011c48011c48_43339</versionUuid>
    <rule>
        <name>HAP_ResumeAndLorForm</name>
        <uuid>_a-0000e5f0-9185-8000-9baa-011c48011c48_35630</uuid>
        <description>Section that capture and saves the resume and  LOR as part of application process</description>
        <parentUuid>_a-0000e5f0-9185-8000-9baa-011c48011c48_34262</parentUuid>
        <visibility>
            <advertise>false</advertise>
            <hierarchy>true</hierarchy>
            <indexable>true</indexable>
            <quota>false</quota>
            <searchable>true</searchable>
            <system>false</system>
            <unlogged>false</unlogged>
        </visibility>
        <definition>{
  #"SYSTEM_SYSRULES_sectionLayout_v1"(
    label: "Uploads",
    contents: {
      #"SYSTEM_SYSRULES_sideBySideLayout"(
        items: {
          #"SYSTEM_SYSRULES_sideBySideItem"(
            item: #"SYSTEM_SYSRULES_fileUploadField_v1"(
              label: "Application Essay",
              labelPosition: "ABOVE",
              instructions: "*Essay Optional- If submitting, upload Essay Topic A, B, or C.",
              target: #"_a-0000e5f0-9185-8000-9baa-011c48011c48_36525",
              value: ri!application.applicationEssay,
              saveInto: ri!application.applicationEssay,
              validations: {},
              buttonStyle: "PRIMARY"
            )
          ),
          #"SYSTEM_SYSRULES_sideBySideItem"(
            item: #"SYSTEM_SYSRULES_fileUploadField_v1"(
              label: "Resume",
              labelPosition: "ABOVE",
              instructions: "",
              helpTooltip: "",
              target: #"_a-0000e5f0-9185-8000-9baa-011c48011c48_37172",
              maxSelections: 1,
              value: ri!application.resume,
              saveInto: ri!application.resume,
              required: false,
              validations: {},
              buttonStyle: "PRIMARY"
            )
          ),
          #"SYSTEM_SYSRULES_sideBySideItem"(
            item: #"SYSTEM_SYSRULES_fileUploadField_v1"(
              label: "Letter of Recommendation",
              labelPosition: "ABOVE",
              instructions: "",
              target: #"_a-0000e5f0-9185-8000-9baa-011c48011c48_37184",
              maxSelections: 1,
              value: ri!application.letterOfRecommendation,
              saveInto: ri!application.letterOfRecommendation,
              required: false,
              validations: {},
              buttonStyle: "PRIMARY"
            )
          )
        }
      )
    }
  )
}</definition>
        <namedTypedValue>
            <name>application</name>
            <type>
                <name>HAP_Application</name>
                <namespace>urn:com:appian:types.utd.af</namespace>
            </type>
        </namedTypedValue>
        <preferredEditor>interface</preferredEditor>
        <offlineEnabled>false</offlineEnabled>
    </rule>
    <roleMap public="true">
        <role inherit="true" allowForAll="false" name="readers">
            <users/>
            <groups/>
        </role>
        <role inherit="true" allowForAll="false" name="authors">
            <users/>
            <groups/>
        </role>
        <role inherit="true" allowForAll="false" name="administrators">
            <users/>
            <groups/>
        </role>
        <role inherit="false" allowForAll="false" name="denyReaders">
            <users/>
            <groups/>
        </role>
        <role inherit="false" allowForAll="false" name="denyAuthors">
            <users/>
            <groups/>
        </role>
        <role inherit="false" allowForAll="false" name="denyAdministrators">
            <users/>
            <groups/>
        </role>
    </roleMap>
    <history>
        <historyInfo versionUuid="_a-0000e5f0-9185-8000-9baa-011c48011c48_43339"/>
    </history>
</contentHaul>
