<?xml version="1.0" encoding="UTF-8" standalone="yes"?>
<contentHaul xmlns:a="http://www.appian.com/ae/types/2009">
    <versionUuid>_a-0000e5f0-9185-8000-9baa-011c48011c48_48460</versionUuid>
    <rule>
        <name>HAP_Applicant_Graph</name>
        <uuid>_a-0000e5f0-9185-8000-9baa-011c48011c48_47125</uuid>
        <description>Graph showing information relevant to applicants.</description>
        <parentUuid>_a-0000e5f0-9185-8000-9baa-011c48011c48_34262</parentUuid>
        <visibility>
            <advertise>false</advertise>
            <hierarchy>true</hierarchy>
            <indexable>true</indexable>
            <quota>false</quota>
            <searchable>true</searchable>
            <system>false</system>
            <unlogged>false</unlogged>
        </visibility>
        <definition>a!localVariables(
  local!chartPagingInfo: #"SYSTEM_SYSRULES_pagingInfo"(
    startIndex: 1,
    batchSize: -1,
    sort: #"SYSTEM_SYSRULES_sortInfo"(
      field: "school",
      ascending: true
    )
  ),
  local!chartDataSubset: #"SYSTEM_SYSRULES_queryEntity_v1"(
    entity: #"_a-0000e5f0-9185-8000-9baa-011c48011c48_47149",
    query: #"SYSTEM_SYSRULES_query"(
      aggregation: #"SYSTEM_SYSRULES_queryAggregation"(
        aggregationColumns: {
          #"SYSTEM_SYSRULES_queryAggregationColumn"(field: "school", isGrouping: true),
          #"SYSTEM_SYSRULES_queryAggregationColumn"(field: "applicationID", aggregationFunction: "COUNT"),
        }
      ),
      pagingInfo: local!chartPagingInfo
    )
  ),
  local!selectedSchool,
  #"SYSTEM_SYSRULES_sectionLayout_v1"(
    contents: {
      #"SYSTEM_SYSRULES_pieChartField"(
        label: "Schools by Count of Applications",
        labelPosition: "ABOVE",
        series: #"SYSTEM_SYSRULES_forEach"(
          items: local!chartDataSubset.data,
          expression: #"SYSTEM_SYSRULES_chartSeries"(
            label: fv!item.school,
            data: fv!item.applicationID,
            links: #"SYSTEM_SYSRULES_dynamicLink"(
              value: fv!item.school,
              saveInto: local!selectedSchool
            )
          )
        ),
        showDataLabels: false,
        showTooltips: true,
        showAsPercentage: true,
        colorScheme: "CLASSIC",
        style: "DONUT",
        seriesLabelStyle: "LEGEND",
        height: "MEDIUM"
      ),
      #"SYSTEM_SYSRULES_linkField"(
        labelPosition: "COLLAPSED",
        links: #"SYSTEM_SYSRULES_dynamicLink"(
          label: "Show all Programs",
          value: null,
          saveInto: {
            local!selectedSchool
          }
        ),
        showWhen:not(isnull(local!selectedSchool))
      ),
      #"SYSTEM_SYSRULES_gridField_v1"(
        label: if(isnull(local!selectedSchool),
        "All Programs",
        "Programs in " &amp; local!selectedSchool
        ),
        emptyGridMessage: "No programs meet this criteria",
        data: #"SYSTEM_SYSRULES_queryEntity_v1"(
          entity: #"_a-0000e5f0-9185-8000-9baa-011c48011c48_47149",
          query: #"SYSTEM_SYSRULES_query"(
            selection: #"SYSTEM_SYSRULES_querySelection"(
              columns: {
                #"SYSTEM_SYSRULES_queryColumn"(field: "program"),
                #"SYSTEM_SYSRULES_queryColumn"(field: "status"),
                #"SYSTEM_SYSRULES_queryColumn"(field: "semester"),
                #"SYSTEM_SYSRULES_queryColumn"(
                  field: "typeOfStudy"
                )
              }
            ),                         
            logicalExpression: #"SYSTEM_SYSRULES_queryLogicalExpression"(
              operator: "AND",
              filters: {
                #"SYSTEM_SYSRULES_queryFilter"(
                  field: "school",
                  operator: "=",
                  value: local!selectedSchool
                )
              },
              ignoreFiltersWithEmptyValues: true
            ),
            pagingInfo: fv!pagingInfo
          ),
          fetchTotalCount: true
        ),
        columns: {
          #"SYSTEM_SYSRULES_gridColumn"(
            label: "Program",
            sortField: "program",
            value: fv!row.program
          ),
          #"SYSTEM_SYSRULES_gridColumn"(
            label: "Graduation Status",
            sortField: "status",
            value: fv!row.status
          ),
          #"SYSTEM_SYSRULES_gridColumn"(
            label: "Semester Started",
            sortField: "semester",
            value: fv!row.semester
          ),
          #"SYSTEM_SYSRULES_gridColumn"(
            label: "Type of Study",
            value: fv!row.typeOfStudy
          )
        },
        pageSize: 10
      )
    }
  )
)</definition>
        <preferredEditor>interface</preferredEditor>
        <offlineEnabled>false</offlineEnabled>
    </rule>
    <roleMap public="true">
        <role inherit="true" allowForAll="false" name="readers">
            <users/>
            <groups/>
        </role>
        <role inherit="true" allowForAll="false" name="authors">
            <users/>
            <groups/>
        </role>
        <role inherit="true" allowForAll="false" name="administrators">
            <users/>
            <groups/>
        </role>
        <role inherit="false" allowForAll="false" name="denyReaders">
            <users/>
            <groups/>
        </role>
        <role inherit="false" allowForAll="false" name="denyAuthors">
            <users/>
            <groups/>
        </role>
        <role inherit="false" allowForAll="false" name="denyAdministrators">
            <users/>
            <groups/>
        </role>
    </roleMap>
    <history>
        <historyInfo versionUuid="_a-0000e5f0-9185-8000-9baa-011c48011c48_48460"/>
    </history>
</contentHaul>
