<?xml version="1.0" encoding="UTF-8" standalone="yes"?>
<contentHaul xmlns:a="http://www.appian.com/ae/types/2009">
    <versionUuid>_a-0000e5f0-9185-8000-9baa-011c48011c48_51557</versionUuid>
    <rule>
        <name>HAP_StatusGraph</name>
        <uuid>_a-0000e5f0-9185-8000-9baa-011c48011c48_50175</uuid>
        <description>Application Status Graph</description>
        <parentUuid>_a-0000e5f0-9185-8000-9baa-011c48011c48_34262</parentUuid>
        <visibility>
            <advertise>false</advertise>
            <hierarchy>true</hierarchy>
            <indexable>true</indexable>
            <quota>false</quota>
            <searchable>true</searchable>
            <system>false</system>
            <unlogged>false</unlogged>
        </visibility>
        <definition>a!localVariables(
  local!pagingInfo: #"SYSTEM_SYSRULES_pagingInfo"(
    startIndex: 1,
    batchSize: - 1,
    sort: {}
  ),
  local!datasubset: #"SYSTEM_SYSRULES_queryEntity_v1"(
    entity: #"_a-0000e5f0-9185-8000-9baa-011c48011c48_47149",
    query: #"SYSTEM_SYSRULES_query"(
      aggregation: #"SYSTEM_SYSRULES_queryAggregation"(
        aggregationColumns: {
          #"SYSTEM_SYSRULES_queryAggregationColumn"(
            field: "school",
            isGrouping: true
          ),
          #"SYSTEM_SYSRULES_queryAggregationColumn"(
            field: "admisssionsAction",
            isGrouping: true
          ),
          #"SYSTEM_SYSRULES_queryAggregationColumn"(
            field: "counsellorAction",
            isGrouping: true
          ),
          #"SYSTEM_SYSRULES_queryAggregationColumn"(
            field: "acceptOrRejectAdmission",
            isGrouping: true
          )
        }
      ),
      pagingInfo: local!pagingInfo
    ),
    fetchTotalCount: false
  ),
  {
    #"SYSTEM_SYSRULES_columnChartField"(
      categories: {
        index(
          local!datasubset.data,
          "school",
          null
        )
      },
      series: {
        #"SYSTEM_SYSRULES_chartSeries"(
          label: "Admisssions Actions",
          data: index(
            local!datasubset.data,
            "admisssionsAction",
            null
          )
        ),
        #"SYSTEM_SYSRULES_chartSeries"(
          label: "Counsellor Actions",
          data: index(
            local!datasubset.data,
            "counsellorAction",
            null
          )
        ),
        #"SYSTEM_SYSRULES_chartSeries"(
          label: "User Actions",
          data: index(
            local!datasubset.data,
            "acceptOrRejectAdmission",
            null
          )
        )
        
      },
      colorScheme: "CLASSIC",
      height: "MEDIUM",
      xAxisStyle: "STANDARD",
      yAxisStyle: "STANDARD"
    )
  }
)</definition>
        <preferredEditor>interface</preferredEditor>
        <offlineEnabled>false</offlineEnabled>
    </rule>
    <roleMap public="true">
        <role inherit="true" allowForAll="false" name="readers">
            <users/>
            <groups/>
        </role>
        <role inherit="true" allowForAll="false" name="authors">
            <users/>
            <groups/>
        </role>
        <role inherit="true" allowForAll="false" name="administrators">
            <users/>
            <groups/>
        </role>
        <role inherit="false" allowForAll="false" name="denyReaders">
            <users/>
            <groups/>
        </role>
        <role inherit="false" allowForAll="false" name="denyAuthors">
            <users/>
            <groups/>
        </role>
        <role inherit="false" allowForAll="false" name="denyAdministrators">
            <users/>
            <groups/>
        </role>
    </roleMap>
    <history>
        <historyInfo versionUuid="_a-0000e5f0-9185-8000-9baa-011c48011c48_51557"/>
    </history>
</contentHaul>
