<?xml version="1.0" encoding="UTF-8" standalone="yes"?>
<contentHaul xmlns:a="http://www.appian.com/ae/types/2009">
    <versionUuid>_a-0000e5f0-9185-8000-9baa-011c48011c48_43361</versionUuid>
    <rule>
        <name>HAP_AdditionalInfoForm</name>
        <uuid>_a-0000e5f0-9185-8000-9baa-011c48011c48_40262</uuid>
        <description>Captures the applicant additional information</description>
        <parentUuid>_a-0000e5f0-9185-8000-9baa-011c48011c48_34262</parentUuid>
        <visibility>
            <advertise>false</advertise>
            <hierarchy>true</hierarchy>
            <indexable>true</indexable>
            <quota>false</quota>
            <searchable>true</searchable>
            <system>false</system>
            <unlogged>false</unlogged>
        </visibility>
        <definition>{
    #"SYSTEM_SYSRULES_sectionLayout_v1"(
      label: "Additional Information",
      contents: {
        #"SYSTEM_SYSRULES_columnsLayout"(
          columns: {
            #"SYSTEM_SYSRULES_columnLayout"(
              contents: {
                #"SYSTEM_SYSRULES_radioButtonField"(
                  label: "Are you a U.S. Citizen ?",
                  labelPosition: "ABOVE",
                  instructions: "",
                  choiceLabels: {"Yes", "No"},
                  choiceValues: {true, false},
                  value: ri!application.applicant.isUSCitizen,
                  saveInto: ri!application.applicant.isUSCitizen,
                  required: true,
                  choiceLayout: "STACKED",
                  validations: {},
                  accessibilityText: ""
                ),
                #"SYSTEM_SYSRULES_radioButtonField"(
                  label: "U.S. Citizenship Type",
                  labelPosition: "ABOVE",
                  choiceLabels: {"Naturalized Citizen", "Birth Abroad"},
                  choiceValues: {"Naturalized Citizen", "Birth Abroad"},
                  value: ri!application.applicant.usCitizenshipType,
                  saveInto: ri!application.applicant.usCitizenshipType,
                  showWhen: and(not(isnull(ri!application.applicant.isUSCitizen)),
                                    ri!application.applicant.isUSCitizen),
                  required: true,
                  choiceLayout: "STACKED",
                  validations: {}
                ),
                #"SYSTEM_SYSRULES_radioButtonField"(
                  label: "Are you currently residing in the United States?",
                  labelPosition: "ABOVE",
                  choiceLabels: #"_a-0000e5f0-9185-8000-9baa-011c48011c48_40275",
                  choiceValues: {true, false},
                  value: ri!application.applicant.isResidingInUS,
                  saveInto: ri!application.applicant.isResidingInUS,
                  showWhen: and(not(isnull(ri!application.applicant.isUSCitizen)),
                                    not(ri!application.applicant.isUSCitizen)),
                  choiceLayout: "STACKED",
                  validations: {}
                ),
                #"SYSTEM_SYSRULES_radioButtonField"(
                  label: "Will you require a change in your visa status ?",
                  labelPosition: "ABOVE",
                  choiceLabels: {"Yes", "No", "Unsure"},
                  choiceValues: {"Yes", "No", "Unsure"},
                  value: ri!application.applicant.requireChangeInVisaStatus,
                  saveInto: ri!application.applicant.requireChangeInVisaStatus,
                  showWhen: and(not(isnull(ri!application.applicant.isResidingInUS)),
                  ri!application.applicant.isResidingInUS),
                  choiceLayout: "STACKED",
                  validations: {}
                ),
                #"SYSTEM_SYSRULES_radioButtonField"(
                  label: "Will you be studying",
                  labelPosition: "ABOVE",
                  choiceLabels: {"Full Time", "Part Time"},
                  choiceValues: {"Full Time", "Part Time"},
                  value: ri!application.typeOfStudy,
                  saveInto: ri!application.typeOfStudy,
                  required: true,
                  choiceLayout: "STACKED",
                  validations: {}
                ),
                #"SYSTEM_SYSRULES_radioButtonField"(
                  label: "Are you a UT Dallas alumnus and/or UT Dallas current student?",
                  labelPosition: "ABOVE",
                  choiceLabels: #"_a-0000e5f0-9185-8000-9baa-011c48011c48_40275",
                  choiceValues: {true, false},
                  value: ri!application.isAlumnusOrCurrentStudent,
                  saveInto: ri!application.isAlumnusOrCurrentStudent,
                  choiceLayout: "STACKED",
                  validations: {}
                ),
                #"SYSTEM_SYSRULES_textField"(
                  label: "What is your UT Dallas - NetID ?",
                  labelPosition: "ABOVE",
                  value: ri!application.netID,
                  saveInto: ri!application.netID,
                  refreshAfter: "UNFOCUS",
                  showWhen: and(not(isnull(ri!application.isAlumnusOrCurrentStudent)),
                    ri!application.isAlumnusOrCurrentStudent),
                  validations: {}
                )
              }
            ),
            #"SYSTEM_SYSRULES_columnLayout"(
              contents: {
                #"SYSTEM_SYSRULES_textField"(
                  label: "Social Security Number (###-##-####)",
                  labelPosition: "ABOVE",
                  instructions: "if applicable",
                  value: ri!application.applicant.ssn,
                  saveInto: ri!application.applicant.ssn,
                  refreshAfter: "UNFOCUS",
                  showWhen: true,
                  masked: true,
                  validations: {},
                  accessibilityText: "",
                  inputPurpose: "OFF"
                ),
                #"SYSTEM_SYSRULES_dropdownField_v1"(
                  label: "Country of Citizenship",
                  labelPosition: "ABOVE",
                  placeholder: "Please select an option",
                  choiceLabels: #"_a-0000e5f0-9185-8000-9baa-011c48011c48_42782",
                  choiceValues: #"_a-0000e5f0-9185-8000-9baa-011c48011c48_42782",
                  value: ri!application.applicant.countryOfCitizenship,
                  saveInto: ri!application.applicant.countryOfCitizenship,
                  searchDisplay: "AUTO",
                  showWhen: and(not(isnull(ri!application.applicant.isUSCitizen)),
                                    not(ri!application.applicant.isUSCitizen)),
                  validations: {}
                ),
                #"SYSTEM_SYSRULES_dropdownField_v1"(
                  label: "Marital Status",
                  labelPosition: "ABOVE",
                  placeholder: "Please select an option",
                  choiceLabels: #"_a-0000e5f0-9185-8000-9baa-011c48011c48_40327",
                  choiceValues: #"_a-0000e5f0-9185-8000-9baa-011c48011c48_40327",
                  value: ri!application.maritalStatus,
                  saveInto: ri!application.maritalStatus,
                  searchDisplay: "AUTO",
                  validations: {}
                )
              }
            )
          }
        )
      }
    )
  }</definition>
        <namedTypedValue>
            <name>application</name>
            <type>
                <name>HAP_Application</name>
                <namespace>urn:com:appian:types.utd.af</namespace>
            </type>
        </namedTypedValue>
        <preferredEditor>interface</preferredEditor>
        <offlineEnabled>false</offlineEnabled>
    </rule>
    <roleMap public="true">
        <role inherit="true" allowForAll="false" name="readers">
            <users/>
            <groups/>
        </role>
        <role inherit="true" allowForAll="false" name="authors">
            <users/>
            <groups/>
        </role>
        <role inherit="true" allowForAll="false" name="administrators">
            <users/>
            <groups/>
        </role>
        <role inherit="false" allowForAll="false" name="denyReaders">
            <users/>
            <groups/>
        </role>
        <role inherit="false" allowForAll="false" name="denyAuthors">
            <users/>
            <groups/>
        </role>
        <role inherit="false" allowForAll="false" name="denyAdministrators">
            <users/>
            <groups/>
        </role>
    </roleMap>
    <history>
        <historyInfo versionUuid="_a-0000e5f0-9185-8000-9baa-011c48011c48_43361"/>
    </history>
</contentHaul>
