<?xml version="1.0" encoding="UTF-8" standalone="yes"?>
<contentHaul xmlns:a="http://www.appian.com/ae/types/2009">
    <versionUuid>_a-0000e5f0-9185-8000-9baa-011c48011c48_51055</versionUuid>
    <rule>
        <name>HAP_ApplicationsHistory</name>
        <uuid>_a-0000e5f0-9185-8000-9baa-011c48011c48_47641</uuid>
        <description>displays the list of applications for every applicant</description>
        <parentUuid>_a-0000e5f0-9185-8000-9baa-011c48011c48_34262</parentUuid>
        <visibility>
            <advertise>false</advertise>
            <hierarchy>true</hierarchy>
            <indexable>true</indexable>
            <quota>false</quota>
            <searchable>true</searchable>
            <system>false</system>
            <unlogged>false</unlogged>
        </visibility>
        <definition>{
  #"SYSTEM_SYSRULES_gridField_v1"(
    label: "Read-only Grid",
    labelPosition: "ABOVE",
    data: #"SYSTEM_SYSRULES_recordData"(
      recordType: #"urn:appian:record-type:v1:2340d7f0-51da-4236-bc6c-427674e5a91b",
      filters: #"SYSTEM_SYSRULES_queryLogicalExpression"(
        operator: "AND",
        filters: {
          #"SYSTEM_SYSRULES_queryFilter"(
            field: #"urn:appian:record-field:v1:2340d7f0-51da-4236-bc6c-427674e5a91b/applicant%40firstName",
            operator: "=",
            value: ri!applicantID.firstName
          ),
          #"SYSTEM_SYSRULES_queryFilter"(
            field: #"urn:appian:record-field:v1:2340d7f0-51da-4236-bc6c-427674e5a91b/applicant%40lastName",
            operator: "=",
            value: ri!applicantID.lastName
          ),
          #"SYSTEM_SYSRULES_queryFilter"(
            field: #"urn:appian:record-field:v1:2340d7f0-51da-4236-bc6c-427674e5a91b/applicant%40dateOfBirth",
            operator: "=",
            value: ri!applicantID.dateOfBirth
          )
        },
        ignoreFiltersWithEmptyValues: true
      )
    ),
    columns: {
      #"SYSTEM_SYSRULES_gridColumn"(
        label: "Application ID",
        sortField: #"urn:appian:record-field:v1:2340d7f0-51da-4236-bc6c-427674e5a91b/applicationID",
        value: fv!row[#"urn:appian:record-field:v1:2340d7f0-51da-4236-bc6c-427674e5a91b/applicationID"],
        align: "END"
      ),
      #"SYSTEM_SYSRULES_gridColumn"(
        label: "School",
        sortField: #"urn:appian:record-field:v1:2340d7f0-51da-4236-bc6c-427674e5a91b/school",
        value: fv!row[#"urn:appian:record-field:v1:2340d7f0-51da-4236-bc6c-427674e5a91b/school"]
      ),
      #"SYSTEM_SYSRULES_gridColumn"(
        label: "Program",
        sortField: #"urn:appian:record-field:v1:2340d7f0-51da-4236-bc6c-427674e5a91b/program",
        value: fv!row[#"urn:appian:record-field:v1:2340d7f0-51da-4236-bc6c-427674e5a91b/program"]
      ),
      #"SYSTEM_SYSRULES_gridColumn"(
        label: "Status",
        sortField: #"urn:appian:record-field:v1:2340d7f0-51da-4236-bc6c-427674e5a91b/status",
        value: fv!row[#"urn:appian:record-field:v1:2340d7f0-51da-4236-bc6c-427674e5a91b/status"]
      ),
      #"SYSTEM_SYSRULES_gridColumn"(
        label: "Semester",
        sortField: #"urn:appian:record-field:v1:2340d7f0-51da-4236-bc6c-427674e5a91b/semester",
        value: fv!row[#"urn:appian:record-field:v1:2340d7f0-51da-4236-bc6c-427674e5a91b/semester"]
      ),
      #"SYSTEM_SYSRULES_gridColumn"(
        label: "Type Of Study",
        sortField: #"urn:appian:record-field:v1:2340d7f0-51da-4236-bc6c-427674e5a91b/typeOfStudy",
        value: fv!row[#"urn:appian:record-field:v1:2340d7f0-51da-4236-bc6c-427674e5a91b/typeOfStudy"]
      ),
      #"SYSTEM_SYSRULES_gridColumn"(
        label: "Application Status",
        sortField: #"urn:appian:record-field:v1:2340d7f0-51da-4236-bc6c-427674e5a91b/applicationStatus",
        value: fv!row[#"urn:appian:record-field:v1:2340d7f0-51da-4236-bc6c-427674e5a91b/applicationStatus"]
      ),
      #"SYSTEM_SYSRULES_gridColumn"(
        label: "Start Date",
        sortField: #"urn:appian:record-field:v1:2340d7f0-51da-4236-bc6c-427674e5a91b/startDate",
        value: fv!row[#"urn:appian:record-field:v1:2340d7f0-51da-4236-bc6c-427674e5a91b/startDate"],
        align: "END"
      ),
      #"SYSTEM_SYSRULES_gridColumn"(
        label: "Completed Date",
        sortField: #"urn:appian:record-field:v1:2340d7f0-51da-4236-bc6c-427674e5a91b/completedDate",
        value: fv!row[#"urn:appian:record-field:v1:2340d7f0-51da-4236-bc6c-427674e5a91b/completedDate"],
        align: "END"
      )
    },
    validations: {},
    refreshAfter: "RECORD_ACTION",
    showSearchBox: true,
    showRefreshButton: true
  )
}</definition>
        <namedTypedValue>
            <name>applicantID</name>
            <type>
                <name>HAP_Applicant</name>
                <namespace>urn:com:appian:types.utd.af</namespace>
            </type>
        </namedTypedValue>
        <preferredEditor>interface</preferredEditor>
        <offlineEnabled>false</offlineEnabled>
    </rule>
    <roleMap public="true">
        <role inherit="true" allowForAll="false" name="readers">
            <users/>
            <groups/>
        </role>
        <role inherit="true" allowForAll="false" name="authors">
            <users/>
            <groups/>
        </role>
        <role inherit="true" allowForAll="false" name="administrators">
            <users/>
            <groups/>
        </role>
        <role inherit="false" allowForAll="false" name="denyReaders">
            <users/>
            <groups/>
        </role>
        <role inherit="false" allowForAll="false" name="denyAuthors">
            <users/>
            <groups/>
        </role>
        <role inherit="false" allowForAll="false" name="denyAdministrators">
            <users/>
            <groups/>
        </role>
    </roleMap>
    <history>
        <historyInfo versionUuid="_a-0000e5f0-9185-8000-9baa-011c48011c48_51055"/>
    </history>
</contentHaul>
