<?xml version="1.0" encoding="UTF-8" standalone="yes"?>
<contentHaul xmlns:a="http://www.appian.com/ae/types/2009">
    <versionUuid>_a-0000e5f0-9185-8000-9baa-011c48011c48_36439</versionUuid>
    <constant>
        <name>HAP_GRAD_COURSES</name>
        <uuid>_a-0000e5f0-9185-8000-9baa-011c48011c48_36377</uuid>
        <description>Contains list of all graduate courses at UTD. </description>
        <parentUuid>_a-0000e5f0-9185-8000-9baa-011c48011c48_34273</parentUuid>
        <visibility>
            <advertise>false</advertise>
            <hierarchy>true</hierarchy>
            <indexable>true</indexable>
            <quota>false</quota>
            <searchable>true</searchable>
            <system>false</system>
            <unlogged>false</unlogged>
        </visibility>
        <typedValue>
            <type>
                <name>Text?list</name>
                <namespace>http://www.appian.com/ae/types/2009</namespace>
            </type>
            <value>
                <el>{"Art History", "History", "Latin American Studies"},</el>
                <el>{"Arts", "Fine Arts"},</el>
                <el>{"Applied Cognition and Neuroscience", "Human Development and Early Childhood Disorders", "Psychology", "Speech-Language Pathology"},</el>
                <el>{"Applied Sociology", "Criminology", "Cyber Security, Technology and Policy", "Economics", "Geospatial Information Sciences", "Political Science", "Public Affairs", "International Political Economy", "Public Policy", "Social Data Analytics and Research"},</el>
                <el>{"Biomedical Engineering", "Computer Engineering", "Computer Science", "Cybersecurity, Technology and Policy", "Electrical Engineering", "Mechanical Engineering", "Software Engineering", "Materials Science and Engineering", "Telecomm Engineering", "System Engineering and Management", "Executive Masters in Software Engineering"},</el>
                <el>{"Interdisciplinary Studies"},</el>
                <el>{"Accounting", "Business Analytics", "Energy Management", "Finance", "Financial Technology and Analytics",  "Healthcare Leadership and Management", "Information Technology and Management", "Innovation &amp; Entrepreneurship", "International Management Studies", "Management Science", "Marketing", "Supply Chain Management", "Systems Engineering and Management", "Full-Time MBA", "Professional MBA", "Executive MBA"}, </el>
                <el>{"Actuarial Science", "Bioinformatics and Computational Biology", "Biotechnology", "Chemistry", "Geosciences", "Mathematics", "Mathematics Education", "Molecular and Cell Biology", "Physics", "Science Education", "Statistics"}</el>
            </value>
        </typedValue>
        <isEnvironmentSpecific>false</isEnvironmentSpecific>
    </constant>
    <roleMap public="true">
        <role inherit="true" allowForAll="false" name="readers">
            <users/>
            <groups/>
        </role>
        <role inherit="true" allowForAll="false" name="authors">
            <users/>
            <groups/>
        </role>
        <role inherit="true" allowForAll="false" name="administrators">
            <users/>
            <groups/>
        </role>
        <role inherit="false" allowForAll="false" name="denyReaders">
            <users/>
            <groups/>
        </role>
        <role inherit="false" allowForAll="false" name="denyAuthors">
            <users/>
            <groups/>
        </role>
        <role inherit="false" allowForAll="false" name="denyAdministrators">
            <users/>
            <groups/>
        </role>
    </roleMap>
    <history>
        <historyInfo versionUuid="_a-0000e5f0-9185-8000-9baa-011c48011c48_36439"/>
    </history>
</contentHaul>
