<?xml version="1.0" encoding="UTF-8" standalone="yes"?>
<contentHaul xmlns:a="http://www.appian.com/ae/types/2009">
    <versionUuid>_a-0000e5f0-9185-8000-9baa-011c48011c48_37188</versionUuid>
    <constant>
        <name>HAP_LOR_FOLDER</name>
        <uuid>_a-0000e5f0-9185-8000-9baa-011c48011c48_37184</uuid>
        <description>Constant for Applicant Letter of Recommendation folder.</description>
        <parentUuid>_a-0000e5f0-9185-8000-9baa-011c48011c48_34273</parentUuid>
        <visibility>
            <advertise>false</advertise>
            <hierarchy>true</hierarchy>
            <indexable>true</indexable>
            <quota>false</quota>
            <searchable>true</searchable>
            <system>false</system>
            <unlogged>false</unlogged>
        </visibility>
        <typedValue>
            <type>
                <name>CollaborationFolder</name>
                <namespace>http://www.appian.com/ae/types/2009</namespace>
            </type>
            <value>_a-0000e5f0-9185-8000-9baa-011c48011c48_37178</value>
        </typedValue>
        <isEnvironmentSpecific>false</isEnvironmentSpecific>
    </constant>
    <roleMap public="true">
        <role inherit="true" allowForAll="false" name="readers">
            <users/>
            <groups/>
        </role>
        <role inherit="true" allowForAll="false" name="authors">
            <users/>
            <groups/>
        </role>
        <role inherit="true" allowForAll="false" name="administrators">
            <users/>
            <groups/>
        </role>
        <role inherit="false" allowForAll="false" name="denyReaders">
            <users/>
            <groups/>
        </role>
        <role inherit="false" allowForAll="false" name="denyAuthors">
            <users/>
            <groups/>
        </role>
        <role inherit="false" allowForAll="false" name="denyAdministrators">
            <users/>
            <groups/>
        </role>
    </roleMap>
    <history>
        <historyInfo versionUuid="_a-0000e5f0-9185-8000-9baa-011c48011c48_37188"/>
    </history>
</contentHaul>
