<?xml version="1.0" encoding="UTF-8" standalone="yes"?>
<contentHaul xmlns:a="http://www.appian.com/ae/types/2009">
    <versionUuid>_a-0000e5f0-9185-8000-9baa-011c48011c48_49430</versionUuid>
    <constant>
        <name>ENTITY_ACADEMICBG</name>
        <uuid>_a-0000e5f0-9185-8000-9baa-011c48011c48_49426</uuid>
        <description>references to the academic background entity in DS</description>
        <parentUuid>_a-0000e5f0-9185-8000-9baa-011c48011c48_34273</parentUuid>
        <visibility>
            <advertise>false</advertise>
            <hierarchy>true</hierarchy>
            <indexable>true</indexable>
            <quota>false</quota>
            <searchable>true</searchable>
            <system>false</system>
            <unlogged>false</unlogged>
        </visibility>
        <typedValue>
            <type>
                <name>DataStoreEntity</name>
                <namespace>http://www.appian.com/ae/types/2009</namespace>
            </type>
            <value a:id="fc3de242-7a68-49c1-a8ce-3055b535b2a7@_a-0000e5f0-9185-8000-9baa-011c48011c48_34225"/>
        </typedValue>
        <isEnvironmentSpecific>false</isEnvironmentSpecific>
    </constant>
    <roleMap public="true">
        <role inherit="true" allowForAll="false" name="readers">
            <users/>
            <groups/>
        </role>
        <role inherit="true" allowForAll="false" name="authors">
            <users/>
            <groups/>
        </role>
        <role inherit="true" allowForAll="false" name="administrators">
            <users/>
            <groups/>
        </role>
        <role inherit="false" allowForAll="false" name="denyReaders">
            <users/>
            <groups/>
        </role>
        <role inherit="false" allowForAll="false" name="denyAuthors">
            <users/>
            <groups/>
        </role>
        <role inherit="false" allowForAll="false" name="denyAdministrators">
            <users/>
            <groups/>
        </role>
    </roleMap>
    <history>
        <historyInfo versionUuid="_a-0000e5f0-9185-8000-9baa-011c48011c48_49430"/>
    </history>
</contentHaul>
