<?xml version="1.0" encoding="UTF-8" standalone="yes"?>
<contentHaul xmlns:a="http://www.appian.com/ae/types/2009">
    <versionUuid>_a-0000e5f0-9185-8000-9baa-011c48011c48_52079</versionUuid>
    <rule>
        <name>HAP_Admissions_Review</name>
        <uuid>_a-0000e5f0-9185-8000-9baa-011c48011c48_43685</uuid>
        <description>This interfaces enables admissions to take action on an application.</description>
        <parentUuid>_a-0000e5f0-9185-8000-9baa-011c48011c48_34262</parentUuid>
        <visibility>
            <advertise>false</advertise>
            <hierarchy>true</hierarchy>
            <indexable>true</indexable>
            <quota>false</quota>
            <searchable>true</searchable>
            <system>false</system>
            <unlogged>false</unlogged>
        </visibility>
        <definition>#"SYSTEM_SYSRULES_formLayout_v1"(
  label: "Application Review",
  contents: {
    #"SYSTEM_SYSRULES_columnsLayout"(
      columns: {
        #"SYSTEM_SYSRULES_columnLayout"(
          contents: {
            #"SYSTEM_SYSRULES_textField"(
              label: "Application ID",
              labelPosition: if(
                ri!readOnly,
                "ADJACENT",
                "ABOVE"
              ),
              value: ri!HAP_Application.applicationID,
              characterLimit: 255,
              readOnly: ri!readOnly
            ),
            #"SYSTEM_SYSRULES_textField"(
              label: "Net ID",
              labelPosition: if(
                ri!readOnly,
                "ADJACENT",
                "ABOVE"
              ),
              value: ri!HAP_Application.netID,
              saveInto: ri!HAP_Application.netID,
              characterLimit: 255
            ),
            #"SYSTEM_SYSRULES_textField"(
              label: "Applicant First Name",
              labelPosition: if(
                ri!readOnly,
                "ADJACENT",
                "ABOVE"
              ),
              value: ri!HAP_Application.applicant.firstName,
              saveInto: ri!HAP_Application.applicant.firstName,
              refreshAfter: "UNFOCUS",
              characterLimit: 255,
              validations: {}
            ),
            #"SYSTEM_SYSRULES_textField"(
              label: "Applicant Middle Name",
              labelPosition: if(
                ri!readOnly,
                "ADJACENT",
                "ABOVE"
              ),
              value: ri!HAP_Application.applicant.middleName,
              saveInto: ri!HAP_Application.applicant.middleName,
              refreshAfter: "UNFOCUS",
              characterLimit: 255,
              validations: {}
            ),
            #"SYSTEM_SYSRULES_textField"(
              label: "Applicant Last Name",
              labelPosition: if(
                ri!readOnly,
                "ADJACENT",
                "ABOVE"
              ),
              value: ri!HAP_Application.applicant.lastName,
              saveInto: ri!HAP_Application.applicant.lastName,
              refreshAfter: "UNFOCUS",
              characterLimit: 255,
              validations: {}
            ),
            #"SYSTEM_SYSRULES_textField"(
              label: "Application Status",
              labelPosition: if(
                ri!readOnly,
                "ADJACENT",
                "ABOVE"
              ),
              value: ri!HAP_Application.applicationStatus,
              saveInto: ri!HAP_Application.applicationStatus,
              characterLimit: 255
            )
          }
        ),
        #"SYSTEM_SYSRULES_columnLayout"(
          contents: {
            #"SYSTEM_SYSRULES_textField"(
              label: "School",
              labelPosition: if(
                ri!readOnly,
                "ADJACENT",
                "ABOVE"
              ),
              value: ri!HAP_Application.school,
              saveInto: ri!HAP_Application.school,
              characterLimit: 255
            ),
            #"SYSTEM_SYSRULES_textField"(
              label: "Program",
              labelPosition: if(
                ri!readOnly,
                "ADJACENT",
                "ABOVE"
              ),
              value: ri!HAP_Application.program,
              saveInto: ri!HAP_Application.program,
              characterLimit: 255
            ),
            #"SYSTEM_SYSRULES_textField"(
              label: "Semester",
              labelPosition: if(
                ri!readOnly,
                "ADJACENT",
                "ABOVE"
              ),
              value: ri!HAP_Application.semester,
              saveInto: ri!HAP_Application.semester,
              characterLimit: 255
            ),
            #"SYSTEM_SYSRULES_textField"(
              label: "Graduation Status",
              labelPosition: if(
                ri!readOnly,
                "ADJACENT",
                "ABOVE"
              ),
              value: ri!HAP_Application.status,
              saveInto: ri!HAP_Application.status,
              characterLimit: 255
            ),
            #"SYSTEM_SYSRULES_textField"(
              label: "Study Type",
              labelPosition: if(
                ri!readOnly,
                "ADJACENT",
                "ABOVE"
              ),
              value: ri!HAP_Application.typeOfStudy,
              saveInto: ri!HAP_Application.typeOfStudy,
              characterLimit: 255
            ),
            #"SYSTEM_SYSRULES_sideBySideLayout"(
              items: {
                #"SYSTEM_SYSRULES_sideBySideItem"(
                  item: #"SYSTEM_SYSRULES_dateField"(
                    label: "Application Start Date",
                    labelPosition: if(
                      ri!readOnly,
                      "ADJACENT",
                      "ABOVE"
                    ),
                    value: ri!HAP_Application.startDate,
                    saveInto: ri!HAP_Application.startDate
                  )
                ),
                #"SYSTEM_SYSRULES_sideBySideItem"(
                  item: #"SYSTEM_SYSRULES_dateField"(
                    label: "Application Completed Date",
                    labelPosition: if(
                      ri!readOnly,
                      "ADJACENT",
                      "ABOVE"
                    ),
                    value: ri!HAP_Application.completedDate,
                    saveInto: ri!HAP_Application.completedDate
                  )
                )
              }
            )
          }
        )
      }
    ),
    #"SYSTEM_SYSRULES_sectionLayout_v1"(
      label: "Administrative Section",
      contents: {
        #"SYSTEM_SYSRULES_columnsLayout"(
          columns: {
            #"SYSTEM_SYSRULES_columnLayout"(
              contents: {
                #"SYSTEM_SYSRULES_richTextDisplayField"(
                  labelPosition: "COLLAPSED",
                  value: {
                    #"SYSTEM_SYSRULES_richTextItem_v1"(
                      text: {
                        "Admissions Office"
                      },
                      color: "#222222",
                      style: {
                        "STRONG"
                      }
                    )
                  },
                  align: "CENTER"
                ),
                #"SYSTEM_SYSRULES_radioButtonField"(
                  label: "Admissions Action",
                  labelPosition: if(
                    ri!readOnly,
                    "ADJACENT",
                    "ABOVE"
                  ),
                  choiceLabels: {"Approve", "Needs Review"},
                  choiceValues: {true, false},
                  value: ri!HAP_Application.admisssionsAction,
                  saveInto: ri!HAP_Application.admisssionsAction,
                  choiceLayout: "STACKED",
                  validations: {}
                ),
                #"SYSTEM_SYSRULES_textField"(
                  label: "Updated By",
                  labelPosition: if(
                    ri!readOnly,
                    "ADJACENT",
                    "ABOVE"
                  ),
                  value: ri!HAP_Application.updatedByStaff,
                  saveInto: ri!HAP_Application.updatedByStaff,
                  characterLimit: 255
                ),
                #"SYSTEM_SYSRULES_dateField"(
                  label: "Updated On",
                  labelPosition: if(
                    ri!readOnly,
                    "ADJACENT",
                    "ABOVE"
                  ),
                  value: ri!HAP_Application.updatedByAdmissionsOn,
                  saveInto: ri!HAP_Application.updatedByAdmissionsOn,
                  required: false
                ),
                #"SYSTEM_SYSRULES_textField"(
                  label: "Comments",
                  labelPosition: if(
                    ri!readOnly,
                    "ADJACENT",
                    "ABOVE"
                  ),
                  value: ri!HAP_Application.admissionsComments,
                  saveInto: ri!HAP_Application.admissionsComments,
                  characterLimit: 255
                )
              }
            ),
            #"SYSTEM_SYSRULES_columnLayout"(
              contents: {
                #"SYSTEM_SYSRULES_richTextDisplayField"(
                  labelPosition: "COLLAPSED",
                  value: {
                    #"SYSTEM_SYSRULES_richTextItem_v1"(
                      text: {
                        "Counselor Office"
                      },
                      style: {
                        "STRONG"
                      }
                    )
                  },
                  align: "CENTER"
                ),
                #"SYSTEM_SYSRULES_textField"(
                  label: "Counsellor Action",
                  labelPosition: if(
                    ri!readOnly,
                    "ADJACENT",
                    "ABOVE"
                  ),
                  value: ri!HAP_Application.counsellorAction,
                  saveInto: ri!HAP_Application.counsellorAction,
                  characterLimit: 255,
                  readOnly: true
                ),
                #"SYSTEM_SYSRULES_textField"(
                  label: "Updated By",
                  labelPosition: if(
                    ri!readOnly,
                    "ADJACENT",
                    "ABOVE"
                  ),
                  value: ri!HAP_Application.updatedByCounsellor,
                  saveInto: ri!HAP_Application.updatedByCounsellor,
                  characterLimit: 255,
                  readOnly: true
                ),
                #"SYSTEM_SYSRULES_dateField"(
                  label: "Updated On",
                  labelPosition: "ABOVE",
                  value: ri!HAP_Application.updatedByCounsellorOn,
                  saveInto: ri!HAP_Application.updatedByCounsellorOn,
                  readOnly: true,
                  validations: {}
                ),
                #"SYSTEM_SYSRULES_textField"(
                  label: "Comments",
                  labelPosition: if(
                    ri!readOnly,
                    "ADJACENT",
                    "ABOVE"
                  ),
                  value: ri!HAP_Application.counsellorComments,
                  saveInto: ri!HAP_Application.counsellorComments,
                  characterLimit: 255,
                  readOnly: true
                )
              }
            )
          },
          showDividers: true
        )
      },
      isCollapsible: true,
      isInitiallyCollapsed: false,
      divider: "NONE",
      marginBelow: "STANDARD"
    )
  },
  buttons: #"SYSTEM_SYSRULES_ButtonLayout"(
    primaryButtons: {
      #"SYSTEM_SYSRULES_ButtonWidget"(
        label: "Approve",
        value: true,
        saveInto: ri!HAP_Application.admisssionsAction,
        submit: true,
        style: "PRIMARY"
      )
    },
    secondaryButtons: {
      #"SYSTEM_SYSRULES_ButtonWidget"(
        label: "Submit for Review",
        value: false,
        saveInto: ri!HAP_Application.admisssionsAction,
        submit: true,
        style: "PRIMARY",
        validate: false
      )
    },
    showWhen: or(
      isnull(
        ri!readOnly
      ),
      not(
        ri!readOnly
      )
    )
  )
)</definition>
        <namedTypedValue>
            <name>HAP_Application</name>
            <type>
                <name>HAP_Application</name>
                <namespace>urn:com:appian:types.utd.af</namespace>
            </type>
        </namedTypedValue>
        <namedTypedValue>
            <name>cancel</name>
            <type>
                <name>boolean</name>
                <namespace>http://www.w3.org/2001/XMLSchema</namespace>
            </type>
        </namedTypedValue>
        <namedTypedValue>
            <name>readOnly</name>
            <type>
                <name>boolean</name>
                <namespace>http://www.w3.org/2001/XMLSchema</namespace>
            </type>
        </namedTypedValue>
        <preferredEditor>interface</preferredEditor>
        <offlineEnabled>false</offlineEnabled>
    </rule>
    <roleMap public="true">
        <role inherit="true" allowForAll="false" name="readers">
            <users/>
            <groups/>
        </role>
        <role inherit="true" allowForAll="false" name="authors">
            <users/>
            <groups/>
        </role>
        <role inherit="true" allowForAll="false" name="administrators">
            <users/>
            <groups/>
        </role>
        <role inherit="false" allowForAll="false" name="denyReaders">
            <users/>
            <groups/>
        </role>
        <role inherit="false" allowForAll="false" name="denyAuthors">
            <users/>
            <groups/>
        </role>
        <role inherit="false" allowForAll="false" name="denyAdministrators">
            <users/>
            <groups/>
        </role>
    </roleMap>
    <typedValue>
        <type>
            <name>RuleTestConfig?list</name>
            <namespace>http://www.appian.com/ae/types/2009</namespace>
        </type>
        <value>
            <el>
                <a:name/>
                <a:ruleInputTestConfigs>
                    <a:value xmlns:xsi="http://www.w3.org/2001/XMLSchema-instance" xsi:type="a:Expression">'type!{urn:com:appian:types.utd.af}HAP_Application'()</a:value>
                    <a:nameRef>HAP_Application</a:nameRef>
                    <a:id>1</a:id>
                </a:ruleInputTestConfigs>
                <a:ruleInputTestConfigs>
                    <a:value xmlns:xsd="http://www.w3.org/2001/XMLSchema" xmlns:xsi="http://www.w3.org/2001/XMLSchema-instance" xsi:nil="true" xsi:type="xsd:boolean"/>
                    <a:nameRef>cancel</a:nameRef>
                    <a:id>2</a:id>
                </a:ruleInputTestConfigs>
                <a:ruleInputTestConfigs>
                    <a:value xmlns:xsd="http://www.w3.org/2001/XMLSchema" xmlns:xsi="http://www.w3.org/2001/XMLSchema-instance" xsi:nil="true" xsi:type="xsd:boolean"/>
                    <a:nameRef>readOnly</a:nameRef>
                    <a:id>3</a:id>
                </a:ruleInputTestConfigs>
                <a:assertions xmlns:xsi="http://www.w3.org/2001/XMLSchema-instance" xsi:nil="true"/>
            </el>
        </value>
    </typedValue>
    <history>
        <historyInfo versionUuid="_a-0000e5f0-9185-8000-9baa-011c48011c48_52079"/>
    </history>
</contentHaul>
