<?xml version="1.0" encoding="UTF-8" standalone="yes"?>
<contentHaul xmlns:a="http://www.appian.com/ae/types/2009">
    <versionUuid>_a-0000e5f0-9185-8000-9baa-011c48011c48_41761</versionUuid>
    <rule>
        <name>HAP_Academic_Background_Form</name>
        <uuid>_a-0000e5f0-9185-8000-9baa-011c48011c48_34433</uuid>
        <description>This interface captures the post-secondary colleges or universities attended or are currently attending by the applicant.</description>
        <parentUuid>_a-0000e5f0-9185-8000-9baa-011c48011c48_34262</parentUuid>
        <visibility>
            <advertise>false</advertise>
            <hierarchy>true</hierarchy>
            <indexable>true</indexable>
            <quota>false</quota>
            <searchable>true</searchable>
            <system>false</system>
            <unlogged>false</unlogged>
        </visibility>
        <definition>a!localVariables(
  local!deleteEducationRecord2: "Delete",
  local!addEducationRecord2: "yes",
  
  #"SYSTEM_SYSRULES_formLayout_v1"(
    label: "Academic Background",
    contents: {
      #"SYSTEM_SYSRULES_sectionLayout_v1"(
        contents: {
          #"SYSTEM_SYSRULES_checkboxField"(
            label: "This check-box helps you to ensure all the requirements in this section are met before moving to the next.",
            labelPosition: "ABOVE",
            choiceLabels: {"ALL post-secondary colleges or universities you have previously attended or are currently attending", "Upload a scanned copy of your official and original document that was issued by your institution. Online printouts, grade reports, advising reports or unofficial transcripts are not acceptable.","Documents uploaded must be legible photocopies of the original academic document. These documents are considered unofficial for admissions purposes, but are acceptable to process your application for admission","Files cannot be password-protected, encrypted or have a digital signature. If you download a document (i.e. PDF) from an institution or testing agency, rescan the document before uploading it, as these documents are typically encrypted.","All files belong to one of the type: doc, docx, pdf"},
            choiceValues: {1, 2,3,4,5},
            saveInto: {},
            required: true,
            validations: {}
          )
        }
      ),
      #"SYSTEM_SYSRULES_sectionLayout_v1"(
        label: "Education Information",
        contents: {
          #"SYSTEM_SYSRULES_richTextDisplayField"(
            label: "Useful Hints:",
            labelPosition: "COLLAPSED",
            value: {
              #"SYSTEM_SYSRULES_richTextBulletedList"(
                items: {
                  "When entering your institution below, please enter the degree granting institution's name and not the affiliated college.",
                  "If your search yields many results with the same institution name, try narrowing down your search by entering the city where the institution is located",
                  "Some institution names are abbreviated. For instance, 'institute may' be abbreviated to 'inst'.",
                  "If you cannot find your college or university, please select 'Unknown School' from the list then fill out your school's information below."

                }
              )
            }
          ),
          #"SYSTEM_SYSRULES_dropdownField_v1"(
            label: "University Name",
            labelPosition: "ABOVE",
            placeholder: "--- Select a Value ---",
            choiceLabels: #"_a-0000e5f0-9185-8000-9baa-011c48011c48_35301",
            choiceValues: #"_a-0000e5f0-9185-8000-9baa-011c48011c48_35301",
            saveInto: ri!applicant.universityName,
            searchDisplay: "AUTO",
            required: true,
            validations: {}
          ),
          #"SYSTEM_SYSRULES_columnsLayout"(
            columns: {
              #"SYSTEM_SYSRULES_columnLayout"(
                contents: {
                  #"SYSTEM_SYSRULES_dateField"(
                    label: "University Start Date",
                    labelPosition: "ABOVE",
                    value: ri!applicant.universityBeginDate,
                    saveInto: ri!applicant.universityBeginDate,
                    required: true,
                    validations: {}
                  )
                }
              ),
              #"SYSTEM_SYSRULES_columnLayout"(
                contents: {
                  #"SYSTEM_SYSRULES_dateField"(
                    label: "University Completion Date / Expected Graduation Date",
                    labelPosition: "ABOVE",
                    saveInto: ri!applicant.universityEndDate,
                    required: true,
                    validations: {}
                  )
                }
              )
            }
          ),
          #"SYSTEM_SYSRULES_columnsLayout"(
            columns: {
              #"SYSTEM_SYSRULES_columnLayout"(
                contents: {
                  #"SYSTEM_SYSRULES_radioButtonField"(
                    label: "Did you or will you receive a Degree or Certificate from this College or University?",
                    labelPosition: "ABOVE",
                    choiceLabels: {"Yes", "No"},
                    choiceValues: {1, 2},
                    saveInto: {},
                    choiceLayout: "STACKED",
                    validations: {}
                  )
                }
              ),
              #"SYSTEM_SYSRULES_columnLayout"(
                contents: {
                  #"SYSTEM_SYSRULES_fileUploadField_v1"(
                    label: "Upload Transcript/Diploma/Degree Certificate",
                    labelPosition: "ABOVE",
                    target: #"_a-0000e5f0-9185-8000-9baa-011c48011c48_35468",
                    saveInto: {},
                    validations: {}
                  )
                }
              )
            }
          )
        }
      ),
      #"SYSTEM_SYSRULES_ButtonArrayLayout"(
        buttons: {
          #"SYSTEM_SYSRULES_ButtonWidget"(
            label: "Add Education Information 2",
            icon: "plus-circle",
            value: "yes",
            saveInto: local!addEducationRecord2,
            style: "NORMAL"
          )
        },
        
        align: "START"
      ),
      #"SYSTEM_SYSRULES_sectionLayout_v1"(
        label: "Education Information 2",
        contents: {
          #"SYSTEM_SYSRULES_ButtonArrayLayout"(
            buttons: {
              #"SYSTEM_SYSRULES_ButtonWidget"(
                label: "Delete Education Information 2",
                icon: "minus-circle",
                value: "Delete",
                saveInto: local!deleteEducationRecord2,
                style: "NORMAL"
              )
            },
            align: "START"
          ),
          #"SYSTEM_SYSRULES_dropdownField_v1"(
            label: "University Name",
            labelPosition: "ABOVE",
            placeholder: "--- Select a Value ---",
            choiceLabels: #"_a-0000e5f0-9185-8000-9baa-011c48011c48_35301",
            choiceValues: #"_a-0000e5f0-9185-8000-9baa-011c48011c48_35301",
            value: ri!applicant.universityName,
            saveInto: ri!applicant.universityName,
            searchDisplay: "AUTO",
            required: true,
            validations: {}
          ),
          #"SYSTEM_SYSRULES_columnsLayout"(
            columns: {
              #"SYSTEM_SYSRULES_columnLayout"(
                contents: {
                  #"SYSTEM_SYSRULES_dateField"(
                    label: "University Start Date",
                    labelPosition: "ABOVE",
                    value: ri!applicant.universityBeginDate,
                    saveInto: ri!applicant.universityBeginDate,
                    required: true,
                    validations: {}
                  )
                }
              ),
              #"SYSTEM_SYSRULES_columnLayout"(
                contents: {
                  #"SYSTEM_SYSRULES_dateField"(
                    label: "University Completion Date / Expected Graduation Date",
                    labelPosition: "ABOVE",
                    value: ri!applicant.universityEndDate,
                    saveInto: ri!applicant.universityEndDate,
                    required: true,
                    validations: {}
                  )
                }
              )
            }
          ),
          #"SYSTEM_SYSRULES_columnsLayout"(
            columns: {
              #"SYSTEM_SYSRULES_columnLayout"(
                contents: {
                  #"SYSTEM_SYSRULES_radioButtonField"(
                    label: "Did you or will you receive a Degree or Certificate from this College or University?",
                    labelPosition: "ABOVE",
                    choiceLabels: {"Yes", "No"},
                    choiceValues: {1, 2},
                    saveInto: {},
                    choiceLayout: "STACKED",
                    validations: {}
                  )
                }
              ),
              #"SYSTEM_SYSRULES_columnLayout"(
                contents: {
                  #"SYSTEM_SYSRULES_fileUploadField_v1"(
                    label: "Upload Transcript/Diploma/Degree Certificate",
                    labelPosition: "ABOVE",
                    target: #"_a-0000e5f0-9185-8000-9baa-011c48011c48_35468",
                    saveInto: {},
                    validations: {}
                  )
                }
              )
            }
          )
        }
      )
    },
    buttons: #"SYSTEM_SYSRULES_ButtonLayout"(
      primaryButtons: {},
      secondaryButtons: {
        #"SYSTEM_SYSRULES_ButtonWidget"(
          label: "Cancel",
          value: true,
          saveInto: ri!cancel,
          submit: true,
          style: "NORMAL",
          validate: false
        )
      }
    )
  )
)</definition>
        <namedTypedValue>
            <name>cancel</name>
            <type>
                <name>boolean</name>
                <namespace>http://www.w3.org/2001/XMLSchema</namespace>
            </type>
        </namedTypedValue>
        <namedTypedValue>
            <name>applicant</name>
            <type>
                <name>HAP_Applicants</name>
                <namespace>urn:com:appian:types</namespace>
            </type>
        </namedTypedValue>
        <preferredEditor>interface</preferredEditor>
        <offlineEnabled>false</offlineEnabled>
    </rule>
    <roleMap public="true">
        <role inherit="true" allowForAll="false" name="readers">
            <users/>
            <groups/>
        </role>
        <role inherit="true" allowForAll="false" name="authors">
            <users/>
            <groups/>
        </role>
        <role inherit="true" allowForAll="false" name="administrators">
            <users/>
            <groups/>
        </role>
        <role inherit="false" allowForAll="false" name="denyReaders">
            <users/>
            <groups/>
        </role>
        <role inherit="false" allowForAll="false" name="denyAuthors">
            <users/>
            <groups/>
        </role>
        <role inherit="false" allowForAll="false" name="denyAdministrators">
            <users/>
            <groups/>
        </role>
    </roleMap>
    <history>
        <historyInfo versionUuid="_a-0000e5f0-9185-8000-9baa-011c48011c48_41761"/>
    </history>
</contentHaul>
