<?xml version="1.0" encoding="UTF-8" standalone="yes"?>
<contentHaul xmlns:a="http://www.appian.com/ae/types/2009">
    <versionUuid>_a-0000e5f0-9185-8000-9baa-011c48011c48_43300</versionUuid>
    <rule>
        <name>HAP_Examination_Scores</name>
        <uuid>_a-0000e5f0-9185-8000-9baa-011c48011c48_40118</uuid>
        <description>This interface captures the examination scores of test like GMAT,GRE,LSAT,SAT,TOEFL,IELTS etc</description>
        <parentUuid>_a-0000e5f0-9185-8000-9baa-011c48011c48_34262</parentUuid>
        <visibility>
            <advertise>false</advertise>
            <hierarchy>true</hierarchy>
            <indexable>true</indexable>
            <quota>false</quota>
            <searchable>true</searchable>
            <system>false</system>
            <unlogged>false</unlogged>
        </visibility>
        <definition>contents: {
    #"SYSTEM_SYSRULES_sectionLayout_v1"(
      label: "Examination Scores",
      contents: {
        #"SYSTEM_SYSRULES_columnsLayout"(
          columns: {
            #"SYSTEM_SYSRULES_columnLayout"(
              contents: {
                #"SYSTEM_SYSRULES_integerField"(
                  label: "GMAT",
                  labelPosition: "ABOVE",
                  value: ri!applicantExamScore.gmatScore,
                  saveInto: ri!applicantExamScore.gmatScore,
                  refreshAfter: "UNFOCUS",
                  validations: {}
                )
              }
            ),
            #"SYSTEM_SYSRULES_columnLayout"(
              contents: {
                #"SYSTEM_SYSRULES_fileUploadField_v1"(
                  label: "GMAT Official Document",
                  labelPosition: "ABOVE",
                  target: #"_a-0000e5f0-9185-8000-9baa-011c48011c48_40167",
                  saveInto: {},
                  validations: {}
                )
              }
            )
          }
        )
      }
    ),
    #"SYSTEM_SYSRULES_columnsLayout"(
      columns: {
        #"SYSTEM_SYSRULES_columnLayout"(
          contents: {
            #"SYSTEM_SYSRULES_integerField"(
              label: "GRE",
              labelPosition: "ABOVE",
              value: ri!applicantExamScore.greScore,
              saveInto: ri!applicantExamScore.greScore,
              refreshAfter: "UNFOCUS",
              validations: {}
            )
          }
        ),
        #"SYSTEM_SYSRULES_columnLayout"(
          contents: {
            #"SYSTEM_SYSRULES_fileUploadField_v1"(
              label: "GRE Official Document",
              labelPosition: "ABOVE",
              target: #"_a-0000e5f0-9185-8000-9baa-011c48011c48_40167",
              saveInto: {},
              validations: {}
            )
          }
        )
      }
    ),
    #"SYSTEM_SYSRULES_columnsLayout"(
      columns: {
        #"SYSTEM_SYSRULES_columnLayout"(
          contents: {
            #"SYSTEM_SYSRULES_integerField"(
              label: "LSAT",
              labelPosition: "ABOVE",
              value: ri!applicantExamScore.lsatScore,
              saveInto: ri!applicantExamScore.lsatScore,
              refreshAfter: "UNFOCUS",
              validations: {}
            )
          }
        ),
        #"SYSTEM_SYSRULES_columnLayout"(
          contents: {
            #"SYSTEM_SYSRULES_fileUploadField_v1"(
              label: "LSAT Official Document",
              labelPosition: "ABOVE",
              target: #"_a-0000e5f0-9185-8000-9baa-011c48011c48_40167",
              saveInto: {},
              validations: {}
            )
          }
        )
      }
    ),
    #"SYSTEM_SYSRULES_columnsLayout"(
      columns: {
        #"SYSTEM_SYSRULES_columnLayout"(
          contents: {
            #"SYSTEM_SYSRULES_integerField"(
              label: "TOEFL",
              labelPosition: "ABOVE",
              value: ri!applicantExamScore.toeflScore,
              saveInto: ri!applicantExamScore.toeflScore,
              refreshAfter: "UNFOCUS",
              validations: {}
            )
          }
        ),
        #"SYSTEM_SYSRULES_columnLayout"(
          contents: {
            #"SYSTEM_SYSRULES_fileUploadField_v1"(
              label: "TOEFL Official Document",
              labelPosition: "ABOVE",
              target: #"_a-0000e5f0-9185-8000-9baa-011c48011c48_40167",
              saveInto: {},
              validations: {}
            )
          }
        )
      }
    ),
    #"SYSTEM_SYSRULES_columnsLayout"(
      columns: {
        #"SYSTEM_SYSRULES_columnLayout"(
          contents: {
            #"SYSTEM_SYSRULES_floatingPointField"(
              label: "IELTS",
              labelPosition: "ABOVE",
              value: ri!applicantExamScore.ieltsScore,
              saveInto: ri!applicantExamScore.ieltsScore,
              refreshAfter: "UNFOCUS",
              validations: {}
            )
          }
        ),
        #"SYSTEM_SYSRULES_columnLayout"(
          contents: {
            #"SYSTEM_SYSRULES_fileUploadField_v1"(
              label: "IELTS Official Document",
              labelPosition: "ABOVE",
              target: #"_a-0000e5f0-9185-8000-9baa-011c48011c48_40167",
              saveInto: {},
              validations: {}
            )
          }
        )
      }
    )
  }</definition>
        <namedTypedValue>
            <name>applicantExamScore</name>
            <type>
                <name>HAP_Exam_Scores</name>
                <namespace>urn:com:appian:types</namespace>
            </type>
        </namedTypedValue>
        <preferredEditor>interface</preferredEditor>
        <offlineEnabled>false</offlineEnabled>
    </rule>
    <roleMap public="true">
        <role inherit="true" allowForAll="false" name="readers">
            <users/>
            <groups/>
        </role>
        <role inherit="true" allowForAll="false" name="authors">
            <users/>
            <groups/>
        </role>
        <role inherit="true" allowForAll="false" name="administrators">
            <users/>
            <groups/>
        </role>
        <role inherit="false" allowForAll="false" name="denyReaders">
            <users/>
            <groups/>
        </role>
        <role inherit="false" allowForAll="false" name="denyAuthors">
            <users/>
            <groups/>
        </role>
        <role inherit="false" allowForAll="false" name="denyAdministrators">
            <users/>
            <groups/>
        </role>
    </roleMap>
    <history>
        <historyInfo versionUuid="_a-0000e5f0-9185-8000-9baa-011c48011c48_43300"/>
    </history>
</contentHaul>
