<?xml version="1.0" encoding="UTF-8" standalone="yes"?>
<contentHaul xmlns:a="http://www.appian.com/ae/types/2009">
    <versionUuid>_a-0000e5f0-9185-8000-9baa-011c48011c48_36394</versionUuid>
    <constant>
        <name>HAP_UTD_SCHOOL_TYPE</name>
        <uuid>_a-0000e5f0-9185-8000-9baa-011c48011c48_34278</uuid>
        <description>Contains list of all the schools within UTD for users to choose from. </description>
        <parentUuid>_a-0000e5f0-9185-8000-9baa-011c48011c48_34273</parentUuid>
        <visibility>
            <advertise>false</advertise>
            <hierarchy>true</hierarchy>
            <indexable>true</indexable>
            <quota>false</quota>
            <searchable>true</searchable>
            <system>false</system>
            <unlogged>false</unlogged>
        </visibility>
        <typedValue>
            <type>
                <name>Text?list</name>
                <namespace>http://www.appian.com/ae/types/2009</namespace>
            </type>
            <value>
                <el>School of Arts and Humanities (A&amp;H)</el>
                <el>Schools of Arts, Technology, and Emerging Communications (ATEC)</el>
                <el>School of Behavioral and Brain Sciences (BBS)</el>
                <el>School of Economic, Political and Policy Sciences (EPPS)</el>
                <el>Erik Jonsson School of Engineering and Computer Science (ECS)</el>
                <el>School of Interdisciplinary Studies (IS)</el>
                <el>Naveen Jindal School of Management (JSOM)</el>
                <el>School of Natural Sciences and Mathematics (NSM)</el>
            </value>
        </typedValue>
        <isEnvironmentSpecific>false</isEnvironmentSpecific>
    </constant>
    <roleMap public="true">
        <role inherit="true" allowForAll="false" name="readers">
            <users/>
            <groups/>
        </role>
        <role inherit="true" allowForAll="false" name="authors">
            <users/>
            <groups/>
        </role>
        <role inherit="true" allowForAll="false" name="administrators">
            <users/>
            <groups/>
        </role>
        <role inherit="false" allowForAll="false" name="denyReaders">
            <users/>
            <groups/>
        </role>
        <role inherit="false" allowForAll="false" name="denyAuthors">
            <users/>
            <groups/>
        </role>
        <role inherit="false" allowForAll="false" name="denyAdministrators">
            <users/>
            <groups/>
        </role>
    </roleMap>
    <history>
        <historyInfo versionUuid="_a-0000e5f0-9185-8000-9baa-011c48011c48_36394"/>
    </history>
</contentHaul>
