<?xml version="1.0" encoding="UTF-8" standalone="yes"?>
<contentHaul xmlns:a="http://www.appian.com/ae/types/2009">
    <versionUuid>_a-0000e5f0-9185-8000-9baa-011c48011c48_51912</versionUuid>
    <rule>
        <name>HAP_Admissions_Office_Landing_Page</name>
        <uuid>_a-0000e5f0-9185-8000-9baa-011c48011c48_51842</uuid>
        <description></description>
        <parentUuid>_a-0000e5f0-9185-8000-9baa-011c48011c48_34262</parentUuid>
        <visibility>
            <advertise>false</advertise>
            <hierarchy>true</hierarchy>
            <indexable>true</indexable>
            <quota>false</quota>
            <searchable>true</searchable>
            <system>false</system>
            <unlogged>false</unlogged>
        </visibility>
        <definition>a!localVariables(
  local!category,
  local!searchTerm,
  local!search: false,
  local!favorites:
  /* This variable would normally be retrieved with a rule like rule!getMyRecentHelpTopics(loggedinuser()). */
  {
    a!map(icon: "briefcase", title: "Request Time Off", linkUrl: ""),
    a!map(icon: "user", title: "Karen Walton (Benefits Coordinator)", linkUrl: ""),
    a!map(icon: "file", title: "401(k) Policy Updates", linkUrl: ""),
    a!map(icon: "check-square", title: "Submit An IT Service Desk Case", linkUrl: "")
  },
  local!helpfulLinks:
  /* This variable would normally be retrieved with a rule like rule!getPopularHelpTopics(). */
  {
    a!map(icon: "user", title: "Mischa Franklin (Facilities Manager)", linkUrl: ""),
    a!map(icon: "money", title: "Submit Expense Report", linkUrl: ""),
    a!map(icon: "check-square", title: "Submit An IT Service Desk Case", linkUrl: "", isNew: true),
    a!map(icon: "external-link", title: "Time Management System", linkUrl: "")
  },
  #"SYSTEM_SYSRULES_headerContentLayout"(
    header: #"SYSTEM_SYSRULES_billboardLayout_v1"(
      backgroundMedia: #"SYSTEM_SYSRULES_documentImage"(
        document: #"_a-0000e5f0-9185-8000-9baa-011c48011c48_47046"
      ),
      backgroundColor: "#ff9900",
      marginBelow: "NONE",
      overlay: #"SYSTEM_SYSRULES_barOverlay"(
        contents: {
          #"SYSTEM_SYSRULES_imageField_v1"(
            label: "",
            labelPosition: "ABOVE",
            images: {
              #"SYSTEM_SYSRULES_documentImage"(
                document: #"_a-0000e5f0-9185-8000-9baa-011c48011c48_48214"
              )
            },
            size: "FIT",
            isThumbnail: false,
            style: "STANDARD",
            align: "CENTER"
          ),
          #"SYSTEM_SYSRULES_richTextDisplayField"(
            labelPosition: "COLLAPSED",
            value: {
              #"SYSTEM_SYSRULES_richTextItem_v1"(text: {"Hello, " &amp; user(loggedinuser(), "firstName") &amp; "."}, size: "MEDIUM"),
              char(10),
              #"SYSTEM_SYSRULES_richTextItem_v1"(text: {
                #"SYSTEM_SYSRULES_richTextItem_v1"(
                  text: {"Welcome to UTD Admissions Portal"},
                  color: "#ff9900",
                  style: {
                    "STRONG"
                  }
                )}, size: "LARGE")
            },
            align: "CENTER"
          )
        },
        style: "DARK"
      )
    ),
    contents: #"SYSTEM_SYSRULES_columnsLayout"(
      columns: {
        #"SYSTEM_SYSRULES_columnLayout"(
          contents: {
            /* If you haven't clicked on a card, show the search */
            if(
              isnull(local!category),
              {
                #"SYSTEM_SYSRULES_linkField"(
                  label: "",
                  labelPosition: "ABOVE",
                  links: {
                    #"SYSTEM_SYSRULES_safeLink"(
                      label: "Contact Admissions Office",
                      uri: "https://enroll.utdallas.edu/contact/"
                    )
                  },
                  align: "RIGHT"
                ),
                #"SYSTEM_SYSRULES_cardLayout"(
                  contents: {
                    #"SYSTEM_SYSRULES_richTextDisplayField"(
                      label: "Administration",
                      labelPosition: "COLLAPSED",
                      instructions:                "",
                      value: {
                        #"SYSTEM_SYSRULES_richTextItem_v1"(
                          text: {
                            #"SYSTEM_SYSRULES_richTextIcon"(
                              icon: "cogs"
                            )
                          },
                          size: "LARGE",
                          style: {
                            "STRONG"
                          }
                        ),
                        char(10),
                        #"SYSTEM_SYSRULES_richTextItem_v1"(
                          text: {
                            #"SYSTEM_SYSRULES_richTextItem_v1"(
                              text: {
                                "Administration"
                              },
                              size: "LARGE",
                              style: {
                                "STRONG"
                              }
                            )
                          },
                          link: #"SYSTEM_SYSRULES_safeLink"(
                            uri: "https://utdspring2021.appiancloud.com/suite/sites/hap-admissions-office-site",
                            openLinkIn: "NEW_TAB"
                          ),
                          linkStyle: "STANDALONE"
                        ),
                        char(10),
                        #"SYSTEM_SYSRULES_richTextItem_v1"(
                          text: {
                            "Review Applications, Process Applications"
                          },
                          style: {
                            "STRONG"
                          }
                        )
                      },
                      align: "CENTER"
                    )
                  },
                  height: "AUTO",
                  style: "NONE",
                  marginBelow: "STANDARD"
                ),
                /* If you haven't searched, show the cards */
                if(
                  not(local!search),
                  {},
                  {
                    #"SYSTEM_SYSRULES_richTextDisplayField"(
                      labelPosition: "COLLAPSED",
                      value: {
                        #"SYSTEM_SYSRULES_richTextIcon"(
                          icon: "long-arrow-left",
                          link: #"SYSTEM_SYSRULES_dynamicLink"(saveInto: {
                            a!save(local!search, false),
                            a!save(local!searchTerm, ""),
                            a!save(local!category, null)
                          }),
                          linkStyle: "STANDALONE"
                        ),
                        " ",
                        #"SYSTEM_SYSRULES_richTextItem_v1"(
                          text: {"Go Back"},
                          link: #"SYSTEM_SYSRULES_dynamicLink"(saveInto: {
                            a!save(local!search, false),
                            a!save(local!searchTerm, ""),
                            a!save(local!category, null)
                          }),
                          linkStyle: "STANDALONE"
                        )
                      }
                    ),
                    #"SYSTEM_SYSRULES_richTextDisplayField"(
                      labelPosition: "COLLAPSED",
                      value: {
                        #"SYSTEM_SYSRULES_richTextItem_v1"(
                          text: {"Search results would appear here for: " &amp; local!searchTerm},
                          style: "EMPHASIS"
                        )
                      },
                      align: "CENTER"
                    )
                  }
                )
              },
              {
                #"SYSTEM_SYSRULES_richTextDisplayField"(
                  labelPosition: "COLLAPSED",
                  value: {
                    #"SYSTEM_SYSRULES_richTextItem_v1"(
                      text: {"All Categories"},
                      link: #"SYSTEM_SYSRULES_dynamicLink"(saveInto: {
                        a!save(local!search, false),
                        a!save(local!category, null)
                      })
                    ),
                    " / ",
                    local!category
                  }
                ),
                #"SYSTEM_SYSRULES_richTextDisplayField"(
                  labelPosition: "COLLAPSED",
                  value: {
                    #"SYSTEM_SYSRULES_richTextItem_v1"(
                      text: {local!category &amp; " results would appear here"},
                      style: "EMPHASIS"
                    )
                  },
                  align: "CENTER"
                )
              }
            )
          },
          width: "AUTO"
        )
      },
      stackWhen: {
        "PHONE",
        "TABLET_PORTRAIT",
        "TABLET_LANDSCAPE",
        "DESKTOP_NARROW"
      }
    ),
    backgroundColor: "WHITE"
  )
)</definition>
        <preferredEditor>interface</preferredEditor>
        <offlineEnabled>false</offlineEnabled>
    </rule>
    <roleMap public="true">
        <role inherit="true" allowForAll="false" name="readers">
            <users/>
            <groups/>
        </role>
        <role inherit="true" allowForAll="false" name="authors">
            <users/>
            <groups/>
        </role>
        <role inherit="true" allowForAll="false" name="administrators">
            <users/>
            <groups/>
        </role>
        <role inherit="false" allowForAll="false" name="denyReaders">
            <users/>
            <groups/>
        </role>
        <role inherit="false" allowForAll="false" name="denyAuthors">
            <users/>
            <groups/>
        </role>
        <role inherit="false" allowForAll="false" name="denyAdministrators">
            <users/>
            <groups/>
        </role>
    </roleMap>
    <history>
        <historyInfo versionUuid="_a-0000e5f0-9185-8000-9baa-011c48011c48_51912"/>
    </history>
</contentHaul>
