<?xml version="1.0" encoding="UTF-8" standalone="yes"?>
<contentHaul xmlns:a="http://www.appian.com/ae/types/2009">
    <versionUuid>_a-0000e5f0-9185-8000-9baa-011c48011c48_43553</versionUuid>
    <rule>
        <name>HAP_ApplicationForm</name>
        <uuid>_a-0000e5f0-9185-8000-9baa-011c48011c48_41495</uuid>
        <description>Testing navigation in a form</description>
        <parentUuid>_a-0000e5f0-9185-8000-9baa-011c48011c48_34262</parentUuid>
        <visibility>
            <advertise>false</advertise>
            <hierarchy>true</hierarchy>
            <indexable>true</indexable>
            <quota>false</quota>
            <searchable>true</searchable>
            <system>false</system>
            <unlogged>false</unlogged>
        </visibility>
        <definition>a!localVariables(
  local!currentStep: 1,
  choose(
    local!currentStep,
    #"SYSTEM_SYSRULES_formLayout_v1"(
      label: "Designate Degree",
      contents: {#"_a-0000e5f0-9185-8000-9baa-011c48011c48_36370"(application: ri!application)},
      buttons: #"SYSTEM_SYSRULES_ButtonLayout"(
        primaryButtons: {
          #"SYSTEM_SYSRULES_ButtonWidget"(
            label: "Next",
            value: 2,
            saveInto: {local!currentStep,
            a!save(ri!application.applicationStatus, "Draft")},
            style: "PRIMARY",
            validate: true
          )
        }
      )
    ),
    #"SYSTEM_SYSRULES_formLayout_v1"(
      label: "Personal Information",
      contents: {#"_a-0000e5f0-9185-8000-9baa-011c48011c48_35643"(applicant: ri!applicant)},
      buttons: #"SYSTEM_SYSRULES_ButtonLayout"(
        primaryButtons: {
          #"SYSTEM_SYSRULES_ButtonWidget"(
            label: "Next",
            value: 3,
            saveInto: local!currentStep,
            style: "PRIMARY",
            validate: true
          )
        },
        secondaryButtons: {
          #"SYSTEM_SYSRULES_ButtonWidget"(
            label: "Previous",
            value: 1,
            saveInto: local!currentStep
          )
        }
      )
    ),
    #"SYSTEM_SYSRULES_formLayout_v1"(
      label: "Additional Information",
      contents: {#"_a-0000e5f0-9185-8000-9baa-011c48011c48_40262"(application: ri!application)},
      buttons: #"SYSTEM_SYSRULES_ButtonLayout"(
        primaryButtons: {
          #"SYSTEM_SYSRULES_ButtonWidget"(
            label: "Next",
            value: 4,
            saveInto: local!currentStep,
            style: "PRIMARY",
            validate: true
          )
        },
        secondaryButtons: {
          #"SYSTEM_SYSRULES_ButtonWidget"(
            label: "Previous",
            value: 2,
            saveInto: local!currentStep
          )
        }
      )
    ),
    #"SYSTEM_SYSRULES_formLayout_v1"(
      label: "Academic Background",
      contents: {#"_a-0000e5f0-9185-8000-9baa-011c48011c48_41671"(education: ri!education)},
      buttons: #"SYSTEM_SYSRULES_ButtonLayout"(
        primaryButtons: {
          #"SYSTEM_SYSRULES_ButtonWidget"(
            label: "Next",
            value: 5,
            saveInto: local!currentStep,
            style: "PRIMARY",
            validate: true
          )
        },
        secondaryButtons: {
          #"SYSTEM_SYSRULES_ButtonWidget"(
            label: "Previous",
            value: 3,
            saveInto: local!currentStep
          )
        }
      )
    ),
    #"SYSTEM_SYSRULES_formLayout_v1"(
      label: "Additional Information",
      contents: {
      #"_a-0000e5f0-9185-8000-9baa-011c48011c48_40118"(applicantExamScore: ri!applicantExamScore),
      #"_a-0000e5f0-9185-8000-9baa-011c48011c48_35630"(application: ri!application),
      #"_a-0000e5f0-9185-8000-9baa-011c48011c48_34846"(application: ri!application)},
      buttons: #"SYSTEM_SYSRULES_ButtonLayout"(
        primaryButtons: {
          #"SYSTEM_SYSRULES_ButtonWidget"(
            label: "Next",
            value: 6,
            saveInto: local!currentStep,
            style: "PRIMARY",
            validate: true
          )
        },
        secondaryButtons: {
          #"SYSTEM_SYSRULES_ButtonWidget"(
            label: "Previous",
            value: 5,
            saveInto: local!currentStep
          )
        }
      )
    ),
    #"SYSTEM_SYSRULES_formLayout_v1"(
      label: "Agreements",
      contents: {
      #"_a-0000e5f0-9185-8000-9baa-011c48011c48_42369"(application: ri!application)
      },
      buttons: #"SYSTEM_SYSRULES_ButtonLayout"(
        primaryButtons: {
          #"SYSTEM_SYSRULES_ButtonWidgetSubmit"(
            label: "Submit",
            saveInto: {
              a!save(ri!application.applicant, ri!applicant),
              a!save(ri!education.applicationId, ri!application),
              a!save(ri!applicantExamScore.applicationId, ri!application),
              a!save(ri!application.applicationStatus, "Submitted")
            },
            style: "PRIMARY",
            confirmHeader: ""
          )
        },
        secondaryButtons: {
          #"SYSTEM_SYSRULES_ButtonWidget"(
            label: "Previous",
            value: 5,
            saveInto: local!currentStep
          )
        }
      )
    )    
  )
)</definition>
        <namedTypedValue>
            <name>applicant</name>
            <type>
                <name>HAP_Applicant</name>
                <namespace>urn:com:appian:types.utd.af</namespace>
            </type>
        </namedTypedValue>
        <namedTypedValue>
            <name>application</name>
            <type>
                <name>HAP_Application</name>
                <namespace>urn:com:appian:types.utd.af</namespace>
            </type>
        </namedTypedValue>
        <namedTypedValue>
            <name>education</name>
            <type>
                <name>HAP_Academic_Background</name>
                <namespace>urn:com:appian:types</namespace>
            </type>
        </namedTypedValue>
        <namedTypedValue>
            <name>applicantExamScore</name>
            <type>
                <name>HAP_Exam_Scores</name>
                <namespace>urn:com:appian:types</namespace>
            </type>
        </namedTypedValue>
        <preferredEditor>interface</preferredEditor>
        <offlineEnabled>false</offlineEnabled>
    </rule>
    <roleMap public="true">
        <role inherit="true" allowForAll="false" name="readers">
            <users/>
            <groups/>
        </role>
        <role inherit="true" allowForAll="false" name="authors">
            <users/>
            <groups/>
        </role>
        <role inherit="true" allowForAll="false" name="administrators">
            <users/>
            <groups/>
        </role>
        <role inherit="false" allowForAll="false" name="denyReaders">
            <users/>
            <groups/>
        </role>
        <role inherit="false" allowForAll="false" name="denyAuthors">
            <users/>
            <groups/>
        </role>
        <role inherit="false" allowForAll="false" name="denyAdministrators">
            <users/>
            <groups/>
        </role>
    </roleMap>
    <history>
        <historyInfo versionUuid="_a-0000e5f0-9185-8000-9baa-011c48011c48_43553"/>
    </history>
</contentHaul>
