<?xml version="1.0" encoding="UTF-8" standalone="yes"?>
<contentHaul xmlns:a="http://www.appian.com/ae/types/2009">
    <versionUuid>_a-0000e5f0-9185-8000-9baa-011c48011c48_47702</versionUuid>
    <rule>
        <name>HAP_DegreeForm</name>
        <uuid>_a-0000e5f0-9185-8000-9baa-011c48011c48_36370</uuid>
        <description>This form allows to user to designate their school, program and semester for the graduate degree. It also allows the user to submit their application essay. </description>
        <parentUuid>_a-0000e5f0-9185-8000-9baa-011c48011c48_34262</parentUuid>
        <visibility>
            <advertise>false</advertise>
            <hierarchy>true</hierarchy>
            <indexable>true</indexable>
            <quota>false</quota>
            <searchable>true</searchable>
            <system>false</system>
            <unlogged>false</unlogged>
        </visibility>
        <definition>{a!localVariables(
  local!selectedSchool,
  local!selectedProgram,
  local!availableGradPrograms:choose(
      if(isnull(local!selectedSchool), 1, local!selectedSchool),
      {"Art History", "History", "Latin American Studies"},
      {"Arts", "Fine Arts"},
      {"Applied Cognition and Neuroscience", "Human Development and Early Childhood Disorders", "Psychology", "Speech-Language Pathology"},
      {"Applied Sociology", "Criminology", "Cyber Security, Technology and Policy", "Economics", "Geospatial Information Sciences", "Political Science", "Public Affairs", "International Political Economy", "Public Policy", "Social Data Analytics and Research"},
      {"Biomedical Engineering", "Computer Engineering", "Computer Science", "Cybersecurity, Technology and Policy", "Electrical Engineering", "Mechanical Engineering", "Software Engineering", "Materials Science and Engineering", "Telecomm Engineering", "System Engineering and Management", "Executive Masters in Software Engineering"},
      {"Interdisciplinary Studies"},
      {"Accounting", "Business Analytics", "Energy Management", "Finance", "Financial Technology and Analytics",  "Healthcare Leadership and Management", "Information Technology and Management", "Innovation &amp; Entrepreneurship", "International Management Studies", "Management Science", "Marketing", "Supply Chain Management", "Systems Engineering and Management", "Full-Time MBA", "Professional MBA", "Executive MBA"}, 
      {"Actuarial Science", "Bioinformatics and Computational Biology", "Biotechnology", "Chemistry", "Geosciences", "Mathematics", "Mathematics Education", "Molecular and Cell Biology", "Physics", "Science Education", "Statistics"}
    ),
    local!availableUndergradPrograms:choose(
      if(isnull(local!selectedSchool), 1, local!selectedSchool),
      {"History", "Latin America Studies", "Literature", "Philosophy", "Visual and Performing Arts"},
      {"Arts"},
      {"Neuroscience", "Child Learning and Development", "Cognitive Science", "Psychology", "Speech, Language, and Hearing Sciences"},
      {"Criminology", "Economics", "Geospatial Information Sciences", "International Political Economy", "Political Science", "Public Affairs", "Public Policy", "Sociology"},
      {"Biomedical Engineering", "Computer Engineering", "Computer Science", "Electrical Engineering", "Mechanical Engineering", "Software Engineering"},
      {"American Studies", "Healthcare Studies", "Interdisciplinary Studies"},
      {"Accounting", "Business Administration", "Finance", "Global Business",  "Healthcare Management", "Human Resource Management", "Information Technology and Systems", "Marketing", "Supply Chain Management"}, 
      {"Actuarial Science", "Biochemistry", "Biology", "Chemistry", "Data Science", "Geosciences", "Mathematics", "Molecular Biology", "Physics"}
    ),
    #"SYSTEM_SYSRULES_sectionLayout_v1"(
      label: "Designate Academic Program and Starting Semester",
      contents: {
        #"SYSTEM_SYSRULES_columnsLayout"(
          columns: {
            #"SYSTEM_SYSRULES_columnLayout"(
              contents: {
                #"SYSTEM_SYSRULES_dropdownField_v1"(
                  label: "Status",
                  labelPosition: "ABOVE",
                  instructions: "Select either a graduate or undergraduate degree program. ",
                  placeholder: "Select Graduate or Undergraduate",
                  choiceLabels: #"_a-0000e5f0-9185-8000-9baa-011c48011c48_36649",
                  choiceValues: #"_a-0000e5f0-9185-8000-9baa-011c48011c48_36649",
                  value: ri!application.status,
                  saveInto: ri!application.status,
                  searchDisplay: "AUTO",
                  required: true,
                  requiredMessage: "",
                  validations: {}
                ),
                #"SYSTEM_SYSRULES_dropdownField_v1"(
                  label: "Semester",
                  labelPosition: "ABOVE",
                  instructions: "Select the semester you are planning to begin the degree. ",
                  placeholder: "Select the Semester you plan to begin",
                  choiceLabels: #"_a-0000e5f0-9185-8000-9baa-011c48011c48_34284",
                  choiceValues: #"_a-0000e5f0-9185-8000-9baa-011c48011c48_34284",
                  value: ri!application.semester,
                  saveInto: ri!application.semester,
                  searchDisplay: "AUTO",
                  required: true,
                  validations: {}
                )
              }
            ),
            #"SYSTEM_SYSRULES_columnLayout"(
              contents: {
                #"SYSTEM_SYSRULES_dropdownField_v1"(
                  label: "School",
                  instructions: "Select the school you are applying to. ",
                  placeholder: "Select a School",
                  choiceLabels: #"_a-0000e5f0-9185-8000-9baa-011c48011c48_34278",
                  choiceValues: {1,2,3,4,5,6,7,8},
                  value: local!selectedSchool,
                  saveInto: {
                    local!selectedSchool,
                    a!save(local!selectedProgram, null),
                    if(local!selectedSchool=1, a!save(ri!application.school, "School of Arts and Humanities (A&amp;H)"),
                    if(local!selectedSchool=2, a!save(ri!application.school, "Schools of Arts, Technology, and Emerging Communications (ATEC)"),
                    if(local!selectedSchool=3, a!save(ri!application.school, "School of Behavioral and Brain Sciences (BBS)"),
                    if(local!selectedSchool=4, a!save(ri!application.school, "School of Economic, Political and Policy Sciences (EPPS)"),
                    if(local!selectedSchool=5, a!save(ri!application.school, "Erik Jonsson School of Engineering and Computer Science (ECS)"),
                    if(local!selectedSchool=6, a!save(ri!application.school, "School of Interdisciplinary Studies (IS)"),
                    if(local!selectedSchool=7, a!save(ri!application.school, "Naveen Jindal School of Management (JSOM)"),
                    if(local!selectedSchool=8, a!save(ri!application.school, "School of Natural Sciences and Mathematics (NSM)"),
                    a!save(ri!application.school, local!selectedSchool)))))))))
                  },
                  showWhen: (if(ri!application.status="Undergraduate", true,                                                                               
                  if(ri!application.status="Graduate", true, null))),
                  required: true,
                  requiredMessage: ""
                ),
                #"SYSTEM_SYSRULES_dropdownField_v1"(
                  label: "Program",
                  instructions: "Select the academic program you plan to undertake. ",
                  placeholder: "Select a Program",
                  choiceLabels: local!availableUndergradPrograms,
                  choiceValues: local!availableUndergradPrograms,
                  value: local!selectedProgram,
                  saveInto: {
                    local!selectedProgram,
                    a!save(ri!application.program, local!selectedProgram)
                  },
                  showWhen: if(ri!application.status="Undergraduate", true, false),
                  required: true,
                  disabled: isnull(local!selectedSchool)
                ),
                #"SYSTEM_SYSRULES_dropdownField_v1"(
                  label: "Program",
                  instructions: "Select the academic program you plan to undertake. ",
                  placeholder: "--- Select a Program ---",
                  choiceLabels: local!availableGradPrograms,
                  choiceValues: local!availableGradPrograms,
                  value: local!selectedProgram,
                  saveInto: {
                    local!selectedProgram,
                    a!save(ri!application.program, local!selectedProgram)
                  },
                  showWhen: if(ri!application.status="Graduate", true, false),
                  required: true,
                  disabled: isnull(local!selectedSchool)
                )
              }
            )
          }
        )
      }
    )
),
  #"SYSTEM_SYSRULES_sideBySideLayout"(
    items: {
      #"SYSTEM_SYSRULES_sideBySideItem"(
        item: #"SYSTEM_SYSRULES_ButtonArrayLayout"(
          buttons: {
            #"SYSTEM_SYSRULES_ButtonWidget"(
              label: "Cancel",
              saveInto: ri!cancel,
              width: "MINIMIZE",
              style: "DESTRUCTIVE"
            )
          },
          align: "START",
          marginBelow: "NONE"
        ),
        width: "AUTO"
      ),
      #"SYSTEM_SYSRULES_sideBySideItem"(
        item: #"SYSTEM_SYSRULES_ButtonArrayLayout"(
          buttons: {
            #"SYSTEM_SYSRULES_ButtonWidget"(
              label: "Next",
              value: ri!application,
              submit: true,
              width: "MINIMIZE",
              style: "PRIMARY"
            )
          },
          align: "END",
          marginBelow: "NONE"
        ),
        width: "AUTO"
      )
    }
  )
}</definition>
        <namedTypedValue>
            <name>application</name>
            <type>
                <name>HAP_Application</name>
                <namespace>urn:com:appian:types.utd.af</namespace>
            </type>
        </namedTypedValue>
        <namedTypedValue>
            <name>cancel</name>
            <type>
                <name>boolean</name>
                <namespace>http://www.w3.org/2001/XMLSchema</namespace>
            </type>
        </namedTypedValue>
        <preferredEditor>interface</preferredEditor>
        <offlineEnabled>false</offlineEnabled>
    </rule>
    <roleMap public="true">
        <role inherit="true" allowForAll="false" name="readers">
            <users/>
            <groups/>
        </role>
        <role inherit="true" allowForAll="false" name="authors">
            <users/>
            <groups/>
        </role>
        <role inherit="true" allowForAll="false" name="administrators">
            <users/>
            <groups/>
        </role>
        <role inherit="false" allowForAll="false" name="denyReaders">
            <users/>
            <groups/>
        </role>
        <role inherit="false" allowForAll="false" name="denyAuthors">
            <users/>
            <groups/>
        </role>
        <role inherit="false" allowForAll="false" name="denyAdministrators">
            <users/>
            <groups/>
        </role>
    </roleMap>
    <history>
        <historyInfo versionUuid="_a-0000e5f0-9185-8000-9baa-011c48011c48_47702"/>
    </history>
</contentHaul>
