<?xml version="1.0" encoding="UTF-8" standalone="yes"?>
<contentHaul xmlns:a="http://www.appian.com/ae/types/2009">
    <versionUuid>_a-0000e5f0-9185-8000-9baa-011c48011c48_52364</versionUuid>
    <rule>
        <name>HAP_ApplicationWizard</name>
        <uuid>_a-0000e5f0-9185-8000-9baa-011c48011c48_35234</uuid>
        <description>Displays various steps in the application process using milestone</description>
        <parentUuid>_a-0000e5f0-9185-8000-9baa-011c48011c48_34262</parentUuid>
        <visibility>
            <advertise>false</advertise>
            <hierarchy>true</hierarchy>
            <indexable>true</indexable>
            <quota>false</quota>
            <searchable>true</searchable>
            <system>false</system>
            <unlogged>false</unlogged>
        </visibility>
        <definition>a!localVariables(
  local!activeStep: 1,
  local!steps: {
    "Step 1",
    "Step 2",
    "Step 3",
    "Step 4",
    "Step 5",
    "Step 6",
    "Step 7",
    "Review"
  },
  local!selectedSchool,
  local!selectedProgram,
  local!availableGradPrograms:choose(
    if(isnull(local!selectedSchool), 1, local!selectedSchool),
    {"Art History", "History", "Latin American Studies"},
    {"Arts", "Fine Arts"},
    {"Applied Cognition and Neuroscience", "Human Development and Early Childhood Disorders", "Psychology", "Speech-Language Pathology"},
    {"Applied Sociology", "Criminology", "Cyber Security, Technology and Policy", "Economics", "Geospatial Information Sciences", "Political Science", "Public Affairs", "International Political Economy", "Public Policy", "Social Data Analytics and Research"},
    {"Biomedical Engineering", "Computer Engineering", "Computer Science", "Cybersecurity, Technology and Policy", "Electrical Engineering", "Mechanical Engineering", "Software Engineering", "Materials Science and Engineering", "Telecomm Engineering", "System Engineering and Management", "Executive Masters in Software Engineering"},
    {"Interdisciplinary Studies"},
    {"Accounting", "Business Analytics", "Energy Management", "Finance", "Financial Technology and Analytics",  "Healthcare Leadership and Management", "Information Technology and Management", "Innovation &amp; Entrepreneurship", "International Management Studies", "Management Science", "Marketing", "Supply Chain Management", "Systems Engineering and Management", "Full-Time MBA", "Professional MBA", "Executive MBA"}, 
    {"Actuarial Science", "Bioinformatics and Computational Biology", "Biotechnology", "Chemistry", "Geosciences", "Mathematics", "Mathematics Education", "Molecular and Cell Biology", "Physics", "Science Education", "Statistics"}
  ),
  local!availableUndergradPrograms:choose(
    if(isnull(local!selectedSchool), 1, local!selectedSchool),
    {"History", "Latin America Studies", "Literature", "Philosophy", "Visual and Performing Arts"},
    {"Arts"},
    {"Neuroscience", "Child Learning and Development", "Cognitive Science", "Psychology", "Speech, Language, and Hearing Sciences"},
    {"Criminology", "Economics", "Geospatial Information Sciences", "International Political Economy", "Political Science", "Public Affairs", "Public Policy", "Sociology"},
    {"Biomedical Engineering", "Computer Engineering", "Computer Science", "Electrical Engineering", "Mechanical Engineering", "Software Engineering"},
    {"American Studies", "Healthcare Studies", "Interdisciplinary Studies"},
    {"Accounting", "Business Administration", "Finance", "Global Business",  "Healthcare Management", "Human Resource Management", "Information Technology and Systems", "Marketing", "Supply Chain Management"}, 
    {"Actuarial Science", "Biochemistry", "Biology", "Chemistry", "Data Science", "Geosciences", "Mathematics", "Molecular Biology", "Physics"}
  ),
  #"SYSTEM_SYSRULES_formLayout_v1"(
    label: "Application for Admissions",
    instructions: "Please use only English characters to enter your information to prevent processing delays",
    contents: {
      #"SYSTEM_SYSRULES_milestoneField"(
        steps: local!steps,
        links: #"SYSTEM_SYSRULES_forEach"(
          items: local!steps,
          expression: if(
            local!activeStep &lt;= fv!index,
            null,
            #"SYSTEM_SYSRULES_dynamicLink"(saveInto: a!save(local!activeStep, fv!index))
          )
        ),
        active: local!activeStep
      ),
      #"SYSTEM_SYSRULES_sectionLayout_v1"(
        label: "Designate Academic Program and Starting Semester",
        contents: {
          #"SYSTEM_SYSRULES_columnsLayout"(
            columns: {
              #"SYSTEM_SYSRULES_columnLayout"(
                contents: {
                  #"SYSTEM_SYSRULES_dropdownField_v1"(
                    label: "Status",
                    labelPosition: "ABOVE",
                    instructions: "Select either a graduate or undergraduate degree program. ",
                    placeholder: "Select Graduate or Undergraduate",
                    choiceLabels: #"_a-0000e5f0-9185-8000-9baa-011c48011c48_36649",
                    choiceValues: #"_a-0000e5f0-9185-8000-9baa-011c48011c48_36649",
                    value: ri!application.status,
                    saveInto: ri!application.status,
                    searchDisplay: "AUTO",
                    required: true,
                    requiredMessage: "",
                    validations: {}
                  ),
                  #"SYSTEM_SYSRULES_dropdownField_v1"(
                    label: "Semester",
                    labelPosition: "ABOVE",
                    instructions: "Select the semester you are planning to begin the degree. ",
                    placeholder: "Select the Semester you plan to begin",
                    choiceLabels: #"_a-0000e5f0-9185-8000-9baa-011c48011c48_34284",
                    choiceValues: #"_a-0000e5f0-9185-8000-9baa-011c48011c48_34284",
                    value: ri!application.semester,
                    saveInto: ri!application.semester,
                    searchDisplay: "AUTO",
                    required: true,
                    validations: {}
                  )
                }
              ),
              #"SYSTEM_SYSRULES_columnLayout"(
                contents: {
                  #"SYSTEM_SYSRULES_dropdownField_v1"(
                    label: "School",
                    instructions: "Select the school you are applying to. ",
                    placeholder: "Select a School",
                    choiceLabels: #"_a-0000e5f0-9185-8000-9baa-011c48011c48_34278",
                    choiceValues: {1,2,3,4,5,6,7,8},
                    value: local!selectedSchool,
                    saveInto: {
                      local!selectedSchool,
                      a!save(local!selectedProgram, null),
                      if(local!selectedSchool=1, a!save(ri!application.school, "School of Arts and Humanities (A&amp;H)"),
                      if(local!selectedSchool=2, a!save(ri!application.school, "Schools of Arts, Technology, and Emerging Communications (ATEC)"),
                      if(local!selectedSchool=3, a!save(ri!application.school, "School of Behavioral and Brain Sciences (BBS)"),
                      if(local!selectedSchool=4, a!save(ri!application.school, "School of Economic, Political and Policy Sciences (EPPS)"),
                      if(local!selectedSchool=5, a!save(ri!application.school, "Erik Jonsson School of Engineering and Computer Science (ECS)"),
                      if(local!selectedSchool=6, a!save(ri!application.school, "School of Interdisciplinary Studies (IS)"),
                      if(local!selectedSchool=7, a!save(ri!application.school, "Naveen Jindal School of Management (JSOM)"),
                      if(local!selectedSchool=8, a!save(ri!application.school, "School of Natural Sciences and Mathematics (NSM)"),
                      a!save(ri!application.school, local!selectedSchool)))))))))
                    },
                    showWhen: (if(ri!application.status="Undergraduate", true,                                                                               
                    if(ri!application.status="Graduate", true, null))),
                    required: true,
                    requiredMessage: ""
                  ),
                  #"SYSTEM_SYSRULES_dropdownField_v1"(
                    label: "Program",
                    instructions: "Select the academic program you plan to undertake. ",
                    placeholder: "--- Select a Program ---",
                    choiceLabels: local!availableUndergradPrograms,
                    choiceValues: local!availableUndergradPrograms,
                    value: local!selectedProgram,
                    saveInto: {
                      local!selectedProgram,
                      a!save(ri!application.program, local!selectedProgram)
                    },
                    showWhen: if(ri!application.status="Undergraduate", true, false),
                    required: true,
                    disabled: isnull(local!selectedSchool)
                  ),
                  #"SYSTEM_SYSRULES_dropdownField_v1"(
                    label: "Program",
                    instructions: "Select the academic program you plan to undertake. ",
                    placeholder: "--- Select a Program ---",
                    choiceLabels: local!availableGradPrograms,
                    choiceValues: local!availableGradPrograms,
                    value: local!selectedProgram,
                    saveInto: {
                      local!selectedProgram,
                      a!save(ri!application.program, local!selectedProgram)
                    },
                    showWhen: if(ri!application.status="Graduate", true, false),
                    required: true,
                    disabled: isnull(local!selectedSchool)
                  )
                }
              )
            }
          )
        },
        showWhen: or(local!activeStep = {1, length(local!steps)})
      ),
      #"SYSTEM_SYSRULES_sectionLayout_v1"(
        label: "Personal Information",
        contents: {
          #"SYSTEM_SYSRULES_sideBySideLayout"(
            items: {
              #"SYSTEM_SYSRULES_sideBySideItem"(
                item: #"SYSTEM_SYSRULES_textField"(
                  label: "First Name",
                  labelPosition: "ABOVE",
                  value: ri!applicant.firstName,
                  saveInto: ri!applicant.firstName,
                  refreshAfter: "UNFOCUS",
                  required: true,
                  validations: {}
                )
              ),
              #"SYSTEM_SYSRULES_sideBySideItem"(
                item: #"SYSTEM_SYSRULES_textField"(
                  label: "Middle Name",
                  labelPosition: "ABOVE",
                  value: ri!applicant.middleName,
                  saveInto: ri!applicant.middleName,
                  refreshAfter: "UNFOCUS",
                  validations: {}
                )
              ),
              #"SYSTEM_SYSRULES_sideBySideItem"(
                item: #"SYSTEM_SYSRULES_textField"(
                  label: "Last Name",
                  labelPosition: "ABOVE",
                  value: ri!applicant.lastName,
                  saveInto: ri!applicant.lastName,
                  refreshAfter: "UNFOCUS",
                  required: true,
                  validations: {}
                )
              )
            }
          ),
          #"SYSTEM_SYSRULES_sideBySideLayout"(
            items: {
              #"SYSTEM_SYSRULES_sideBySideItem"(
                item: #"SYSTEM_SYSRULES_dropdownField_v1"(
                  label: "Suffix",
                  labelPosition: "ABOVE",
                  placeholder: "--- Please select an option ---",
                  choiceLabels: #"_a-0000e5f0-9185-8000-9baa-011c48011c48_35720",
                  choiceValues: #"_a-0000e5f0-9185-8000-9baa-011c48011c48_35720",
                  value: ri!applicant.nameSuffix,
                  saveInto: ri!applicant.nameSuffix,
                  searchDisplay: "AUTO",
                  validations: {}
                )
              ),
              #"SYSTEM_SYSRULES_sideBySideItem"(
                item: #"SYSTEM_SYSRULES_dateField"(
                  label: "Date of Birth",
                  labelPosition: "ABOVE",
                  value: ri!applicant.dateOfBirth,
                  saveInto: ri!applicant.dateOfBirth,
                  required: true,
                  validations: if(ri!applicant.dateOfBirth &gt;= now(),
                  "Date Of Birth cannot be in future",
                  null),
                  align: "LEFT"
                )
              ),
              #"SYSTEM_SYSRULES_sideBySideItem"(
                item: #"SYSTEM_SYSRULES_radioButtonField"(
                  label: "Gender",
                  labelPosition: "ABOVE",
                  choiceLabels: {"Male", "Female"},
                  choiceValues: {"Male", "Female"},
                  value: ri!applicant.gender,
                  saveInto: ri!applicant.gender,
                  required: true,
                  choiceLayout: "COMPACT",
                  choiceStyle: "STANDARD",
                  validations: {}
                )
              )
            }
          ),
          #"SYSTEM_SYSRULES_columnsLayout"(
            columns: {
              #"SYSTEM_SYSRULES_columnLayout"(
                contents: {
                  #"SYSTEM_SYSRULES_textField"(
                    label: "Street Address",
                    labelPosition: "ABOVE",
                    value: ri!applicant.homeStAddressLine1,
                    saveInto: ri!applicant.homeStAddressLine1,
                    refreshAfter: "UNFOCUS",
                    required: true,
                    validations: {}
                  ),
                  #"SYSTEM_SYSRULES_textField"(
                    label: "City",
                    labelPosition: "ABOVE",
                    value: ri!applicant.homeCity,
                    saveInto: ri!applicant.homeCity,
                    refreshAfter: "UNFOCUS",
                    required: true,
                    validations: {}
                  ),
                  #"SYSTEM_SYSRULES_integerField"(
                    label: "Zip Code",
                    labelPosition: "ABOVE",
                    value: ri!applicant.homeZipcode,
                    saveInto: ri!applicant.homeZipcode,
                    refreshAfter: "UNFOCUS",
                    required: true,
                    validations: {}
                  )
                }
              ),
              #"SYSTEM_SYSRULES_columnLayout"(
                contents: {
                  #"SYSTEM_SYSRULES_textField"(
                    label: "Apt./Building No.",
                    labelPosition: "ABOVE",
                    value: ri!applicant.homeStAddressLine2,
                    saveInto: ri!applicant.homeStAddressLine2,
                    refreshAfter: "UNFOCUS",
                    required: false,
                    validations: {}
                  ),
                  #"SYSTEM_SYSRULES_textField"(
                    label: "State",
                    labelPosition: "ABOVE",
                    value: ri!applicant.homeState,
                    saveInto: ri!applicant.homeState,
                    refreshAfter: "UNFOCUS",
                    required: true,
                    validations: {}
                  )
                }
              )
            }
          ),
          #"SYSTEM_SYSRULES_radioButtonField"(
            label: "Is your home address same as your mailing address ?",
            labelPosition: "ABOVE",
            choiceLabels: {"Yes", "No"},
            choiceValues: {true, false},
            value: ri!applicant.isMailingAddrSameAsHome,
            saveInto: ri!applicant.isMailingAddrSameAsHome,
            choiceLayout: "COMPACT",
            choiceStyle: "STANDARD",
            validations: {}
          ),
          #"SYSTEM_SYSRULES_columnsLayout"(
            columns: {
              #"SYSTEM_SYSRULES_columnLayout"(
                contents: {
                  #"SYSTEM_SYSRULES_textField"(
                    label: "Street Address",
                    labelPosition: "ABOVE",
                    value: ri!applicant.mailingStAddressLine1,
                    saveInto: ri!applicant.mailingStAddressLine1,
                    refreshAfter: "UNFOCUS",
                    showWhen: if(and(not(isnull(ri!applicant.isMailingAddrSameAsHome)),                     
                    not(ri!applicant.isMailingAddrSameAsHome)),
                    true,
                    false),
                    validations: {}
                  ),
                  #"SYSTEM_SYSRULES_textField"(
                    label: "City",
                    labelPosition: "ABOVE",
                    value: ri!applicant.mailingCity,
                    saveInto: ri!applicant.mailingCity,
                    refreshAfter: "UNFOCUS",
                    validations: {}
                  ),
                  #"SYSTEM_SYSRULES_integerField"(
                    label: "Zip Code",
                    labelPosition: "ABOVE",
                    value: ri!applicant.mailingZipcode,
                    saveInto: ri!applicant.mailingZipcode,
                    refreshAfter: "UNFOCUS",
                    validations: {}
                  )
                },
                showWhen: if(and(not(isnull(ri!applicant.isMailingAddrSameAsHome)),                 
                not(ri!applicant.isMailingAddrSameAsHome)),
                true,
                false)
              ),
              #"SYSTEM_SYSRULES_columnLayout"(
                contents: {
                  #"SYSTEM_SYSRULES_textField"(
                    label: "Apt./Building No.",
                    labelPosition: "ABOVE",
                    value: ri!applicant.mailingStAddressLine2,
                    saveInto: ri!applicant.mailingStAddressLine2,
                    refreshAfter: "UNFOCUS",
                    validations: {}
                  ),
                  #"SYSTEM_SYSRULES_textField"(
                    label: "State",
                    labelPosition: "ABOVE",
                    value: ri!applicant.mailingState,
                    saveInto: ri!applicant.mailingState,
                    refreshAfter: "UNFOCUS",
                    validations: {}
                  )
                },
                showWhen: if(and(not(isnull(ri!applicant.isMailingAddrSameAsHome)),                 
                not(ri!applicant.isMailingAddrSameAsHome)),
                true,
                false)
              )
            }
          ),
          #"SYSTEM_SYSRULES_columnsLayout"(
            columns: {
              #"SYSTEM_SYSRULES_columnLayout"(
                contents: {
                  #"SYSTEM_SYSRULES_textField"(
                    label: "Mobile Phone",
                    labelPosition: "ABOVE",
                    placeholder: "123-456-7890",
                    value: ri!applicant.mobilePhone,
                    saveInto: ri!applicant.mobilePhone,
                    refreshAfter: "UNFOCUS",
                    characterLimit: 12,
                    showWhen: true,
                    required: true,
                    validations: {},
                    align: "LEFT",
                    inputPurpose: "PHONE_NUMBER"
                  )
                }
              ),
              #"SYSTEM_SYSRULES_columnLayout"(
                contents: {
                  #"SYSTEM_SYSRULES_textField"(
                    label: "Primary Phone",
                    labelPosition: "ABOVE",
                    placeholder: "",
                    value: ri!applicant.primaryPhone,
                    saveInto: ri!applicant.primaryPhone,
                    refreshAfter: "UNFOCUS",
                    characterLimit: null,
                    validations: {},
                    inputPurpose: "PHONE_NUMBER"
                  )
                }
              )
            }
          ),
          #"SYSTEM_SYSRULES_columnsLayout"(
            columns: {
              #"SYSTEM_SYSRULES_columnLayout"(
                contents: {
                  #"SYSTEM_SYSRULES_textField"(
                    label: "Primary Email",
                    labelPosition: "ABOVE",
                    value: ri!applicant.primaryEmail,
                    saveInto: ri!applicant.primaryEmail,
                    refreshAfter: "UNFOCUS",
                    showWhen: true,
                    required: true,
                    validations: {},
                    inputPurpose: "EMAIL"
                  )
                }
              ),
              #"SYSTEM_SYSRULES_columnLayout"(
                contents: {
                  #"SYSTEM_SYSRULES_textField"(
                    label: "Secondary / Recovery Email",
                    labelPosition: "ABOVE",
                    value: ri!applicant.secondaryEmail,
                    saveInto: ri!applicant.secondaryEmail,
                    refreshAfter: "UNFOCUS",
                    showWhen: true,
                    validations: {},
                    inputPurpose: "EMAIL"
                  )
                }
              )
            }
          )
        },
        showWhen: or(local!activeStep = {2, length(local!steps)})
      ),
      #"SYSTEM_SYSRULES_sectionLayout_v1"(
        label: "Additional Information",
        contents: {
          #"SYSTEM_SYSRULES_columnsLayout"(
            columns: {
              #"SYSTEM_SYSRULES_columnLayout"(
                contents: {
                  #"SYSTEM_SYSRULES_radioButtonField"(
                    label: "Are you a U.S. Citizen ?",
                    labelPosition: "ABOVE",
                    instructions: "",
                    choiceLabels: {"Yes", "No"},
                    choiceValues: {true, false},
                    value: ri!application.applicant.isUSCitizen,
                    saveInto: ri!application.applicant.isUSCitizen,
                    required: true,
                    choiceLayout: "STACKED",
                    validations: {},
                    accessibilityText: ""
                  ),
                  #"SYSTEM_SYSRULES_radioButtonField"(
                    label: "U.S. Citizenship Type",
                    labelPosition: "ABOVE",
                    choiceLabels: {"Naturalized Citizen", "Birth Abroad"},
                    choiceValues: {"Naturalized Citizen", "Birth Abroad"},
                    value: ri!application.applicant.usCitizenshipType,
                    saveInto: ri!application.applicant.usCitizenshipType,
                    showWhen: and(not(isnull(ri!application.applicant.isUSCitizen)),
                    ri!application.applicant.isUSCitizen),
                    required: true,
                    choiceLayout: "STACKED",
                    validations: {}
                  ),
                  #"SYSTEM_SYSRULES_radioButtonField"(
                    label: "Are you currently residing in the United States?",
                    labelPosition: "ABOVE",
                    choiceLabels: #"_a-0000e5f0-9185-8000-9baa-011c48011c48_40275",
                    choiceValues: {true, false},
                    value: ri!application.applicant.isResidingInUS,
                    saveInto: ri!application.applicant.isResidingInUS,
                    showWhen: and(not(isnull(ri!application.applicant.isUSCitizen)),
                    not(ri!application.applicant.isUSCitizen)),
                    choiceLayout: "STACKED",
                    validations: {}
                  ),
                  #"SYSTEM_SYSRULES_radioButtonField"(
                    label: "Will you require a change in your visa status ?",
                    labelPosition: "ABOVE",
                    choiceLabels: {"Yes", "No", "Unsure"},
                    choiceValues: {"Yes", "No", "Unsure"},
                    value: ri!application.applicant.requireChangeInVisaStatus,
                    saveInto: ri!application.applicant.requireChangeInVisaStatus,
                    showWhen: and(not(isnull(ri!application.applicant.isResidingInUS)),
                    ri!application.applicant.isResidingInUS),
                    choiceLayout: "STACKED",
                    validations: {}
                  ),
                  #"SYSTEM_SYSRULES_radioButtonField"(
                    label: "How will you be studying",
                    labelPosition: "ABOVE",
                    choiceLabels: {"Full Time", "Part Time"},
                    choiceValues: {"Full Time", "Part Time"},
                    value: ri!application.typeOfStudy,
                    saveInto: ri!application.typeOfStudy,
                    required: true,
                    choiceLayout: "STACKED",
                    validations: {}
                  ),
                  #"SYSTEM_SYSRULES_radioButtonField"(
                    label: "Are you a UT Dallas alumnus and/or UT Dallas current student?",
                    labelPosition: "ABOVE",
                    choiceLabels: #"_a-0000e5f0-9185-8000-9baa-011c48011c48_40275",
                    choiceValues: {true, false},
                    value: ri!application.isAlumnusOrCurrentStudent,
                    saveInto: ri!application.isAlumnusOrCurrentStudent,
                    required: true,
                    choiceLayout: "STACKED",
                    validations: {}
                  ),
                  #"SYSTEM_SYSRULES_textField"(
                    label: "What is your UT Dallas - NetID ?",
                    labelPosition: "ABOVE",
                    value: ri!application.netID,
                    saveInto: ri!application.netID,
                    refreshAfter: "UNFOCUS",
                    showWhen: and(not(isnull(ri!application.isAlumnusOrCurrentStudent)),
                    ri!application.isAlumnusOrCurrentStudent),
                    validations: {}
                  )
                }
              ),
              #"SYSTEM_SYSRULES_columnLayout"(
                contents: {
                  #"SYSTEM_SYSRULES_radioButtonField"(
                    label: "Are you related to any member of Staff ?",
                    labelPosition: "ABOVE",
                    choiceLabels: #"_a-0000e5f0-9185-8000-9baa-011c48011c48_40275",
                    choiceValues: {true, false},
                    value: ri!application.isLegacyApplicant,
                    saveInto: ri!application.isLegacyApplicant,
                    required: true,
                    choiceLayout: "STACKED",
                    validations: {}
                  ),
                  #"SYSTEM_SYSRULES_textField"(
                    label: "Staff ID",
                    labelPosition: "ABOVE",
                    value: ri!application.staffID,
                    saveInto: ri!application.staffID,
                    refreshAfter: "UNFOCUS",
                    showWhen: and(not(isnull(ri!application.isLegacyApplicant)),
                    ri!application.isLegacyApplicant),
                    validations: {}
                  ),
                  #"SYSTEM_SYSRULES_textField"(
                    label: "Social Security Number (###-##-####)",
                    labelPosition: "ABOVE",
                    instructions: "If applicable.",
                    value: ri!application.applicant.ssn,
                    saveInto: ri!application.applicant.ssn,
                    refreshAfter: "UNFOCUS",
                    showWhen: true,
                    masked: true,
                    validations: {},
                    accessibilityText: "",
                    inputPurpose: "OFF"
                  ),
                  #"SYSTEM_SYSRULES_dropdownField_v1"(
                    label: "Country of Citizenship",
                    labelPosition: "ABOVE",
                    placeholder: "Please select an option",
                    choiceLabels: #"_a-0000e5f0-9185-8000-9baa-011c48011c48_42782",
                    choiceValues: #"_a-0000e5f0-9185-8000-9baa-011c48011c48_42782",
                    value: ri!application.applicant.countryOfCitizenship,
                    saveInto: ri!application.applicant.countryOfCitizenship,
                    searchDisplay: "AUTO",
                    showWhen: and(not(isnull(ri!application.applicant.isUSCitizen)),
                    not(ri!application.applicant.isUSCitizen)),
                    validations: {}
                  ),
                  #"SYSTEM_SYSRULES_dropdownField_v1"(
                    label: "Marital Status",
                    labelPosition: "ABOVE",
                    placeholder: "Please select an option",
                    choiceLabels: #"_a-0000e5f0-9185-8000-9baa-011c48011c48_40327",
                    choiceValues: #"_a-0000e5f0-9185-8000-9baa-011c48011c48_40327",
                    value: ri!application.maritalStatus,
                    saveInto: ri!application.maritalStatus,
                    searchDisplay: "AUTO",
                    validations: {}
                  )
                }
              )
            }
          )
        },
        showWhen: or(local!activeStep = {3, length(local!steps)})
      ),
      #"SYSTEM_SYSRULES_sectionLayout_v1"(
        label: "Academic Background",
        contents: {
          #"SYSTEM_SYSRULES_richTextDisplayField"(
            label: "Useful Hints:",
            labelPosition: "COLLAPSED",
            value: {
              #"SYSTEM_SYSRULES_richTextBulletedList"(
                items: {
                  "When entering your institution below, please enter the degree granting institution's name and not the affiliated college.",
                  "If your search yields many results with the same institution name, try narrowing down your search by entering the city where the institution is located",
                  "Some institution names are abbreviated. For instance, 'institute may' be abbreviated to 'inst'."

                }
              )
            }
          ),
          #"SYSTEM_SYSRULES_sideBySideLayout"(
            items: {
              #"SYSTEM_SYSRULES_sideBySideItem"(
                item: #"SYSTEM_SYSRULES_dropdownField_v1"(
                  label: "University Name",
                  labelPosition: "ABOVE",
                  placeholder: "--- Select a Value ---",
                  choiceLabels: #"_a-0000e5f0-9185-8000-9baa-011c48011c48_35301",
                  choiceValues: #"_a-0000e5f0-9185-8000-9baa-011c48011c48_35301",
                  value: ri!education.universityName,
                  saveInto: ri!education.universityName,
                  searchDisplay: "AUTO",
                  required: true,
                  validations: {}
                )
              )
            }
          ),
          #"SYSTEM_SYSRULES_sideBySideLayout"(
            items: {
              #"SYSTEM_SYSRULES_sideBySideItem"(
                item: #"SYSTEM_SYSRULES_dropdownField_v1"(
                  label: "Degree Type",
                  labelPosition: "ABOVE",
                  placeholder: "--- Select a Value ---",
                  choiceLabels: #"_a-0000e5f0-9185-8000-9baa-011c48011c48_42440",
                  choiceValues: #"_a-0000e5f0-9185-8000-9baa-011c48011c48_42440",
                  value: ri!education.degreeType,
                  saveInto: ri!education.degreeType,
                  searchDisplay: "AUTO",
                  required: true,
                  validations: {}
                )
              ),
              #"SYSTEM_SYSRULES_sideBySideItem"(
                item: #"SYSTEM_SYSRULES_textField"(
                  label: "Major",
                  labelPosition: "ABOVE",
                  value: ri!education.universityMajor,
                  saveInto: ri!education.universityMajor,
                  refreshAfter: "UNFOCUS",
                  required: true,
                  validations: {}
                )
              ),
              #"SYSTEM_SYSRULES_sideBySideItem"(
                item: #"SYSTEM_SYSRULES_floatingPointField"(
                  label: "GPA",
                  labelPosition: "ABOVE",
                  value: ri!education.universityGPA,
                  saveInto: ri!education.universityGPA,
                  refreshAfter: "UNFOCUS",
                  required: true,
                  validations: {}
                )
              )
            }
          ),
          #"SYSTEM_SYSRULES_sideBySideLayout"(
            items: {
              #"SYSTEM_SYSRULES_sideBySideItem"(
                item: #"SYSTEM_SYSRULES_dateField"(
                  label: "University Start Date",
                  labelPosition: "ABOVE",
                  value: ri!education.universityBeginDate,
                  saveInto: ri!education.universityBeginDate,
                  required: true,
                  validations: if(ri!education.universityBeginDate &gt;=now(),
                  "Start date cannot be in future",
                  null)
                )
              ),
              #"SYSTEM_SYSRULES_sideBySideItem"(
                item: #"SYSTEM_SYSRULES_dateField"(
                  label: "University Completion Date / Expected Graduation Date",
                  labelPosition: "ABOVE",
                  value: ri!education.universityEndDate,
                  saveInto: ri!education.universityEndDate,
                  required: true,
                  validations: {}
                )
              ),
              #"SYSTEM_SYSRULES_sideBySideItem"(
                item: #"SYSTEM_SYSRULES_fileUploadField_v1"(
                  label: "Upload Transcript/Diploma/Degree Certificate",
                  labelPosition: "ABOVE",
                  target: #"_a-0000e5f0-9185-8000-9baa-011c48011c48_35468",
                  maxSelections: 1,
                  value: ri!education.transcript,
                  saveInto: ri!education.transcript,
                  validations: {},
                  buttonStyle: "STANDARD",
                  buttonSize: "SMALL"
                )
              )
            }
          )
        },
        showWhen: or(local!activeStep = {4, length(local!steps)})
      ),
      #"SYSTEM_SYSRULES_sectionLayout_v1"(
        label: "Examination Scores, Essay, Recommendations",
        contents: {
          #"SYSTEM_SYSRULES_sideBySideLayout"(
            items: {
              #"SYSTEM_SYSRULES_sideBySideItem"(
                item: #"SYSTEM_SYSRULES_fileUploadField_v1"(
                  label: "Application Essay",
                  labelPosition: "ABOVE",
                  instructions: "*Upload either Essay A, B, or C prompts only.",
                  target: #"_a-0000e5f0-9185-8000-9baa-011c48011c48_36525",
                  value: ri!application.applicationEssay,
                  saveInto: ri!application.applicationEssay,
                  validations: {},
                  buttonStyle: "STANDARD",
                  buttonSize: "SMALL"
                ),
                width: ""
              ),
              #"SYSTEM_SYSRULES_sideBySideItem"(
                item: #"SYSTEM_SYSRULES_fileUploadField_v1"(
                  label: "Resume",
                  labelPosition: "ABOVE",
                  instructions: "",
                  helpTooltip: "",
                  target: #"_a-0000e5f0-9185-8000-9baa-011c48011c48_37172",
                  maxSelections: 1,
                  value: ri!application.resume,
                  saveInto: ri!application.resume,
                  required: false,
                  validations: {},
                  buttonStyle: "STANDARD",
                  buttonSize: "SMALL"
                ),
                width: ""
              ),
              #"SYSTEM_SYSRULES_sideBySideItem"(
                item: #"SYSTEM_SYSRULES_fileUploadField_v1"(
                  label: "Letter of Recommendation",
                  labelPosition: "ABOVE",
                  instructions: "",
                  target: #"_a-0000e5f0-9185-8000-9baa-011c48011c48_37184",
                  maxSelections: 1,
                  value: ri!application.letterOfRecommendation,
                  saveInto: ri!application.letterOfRecommendation,
                  required: false,
                  validations: {},
                  buttonStyle: "STANDARD",
                  buttonSize: "SMALL"
                )
              )
            },
            alignVertical: "TOP",
            spacing: "STANDARD",
            marginBelow: "NONE"
          ),
          #"SYSTEM_SYSRULES_columnsLayout"(
            columns: {
              #"SYSTEM_SYSRULES_columnLayout"(
                contents: {
                  #"SYSTEM_SYSRULES_integerField"(
                    label: "GMAT",
                    labelPosition: "ABOVE",
                    value: ri!applicantExamScore.gmatScore,
                    saveInto: ri!applicantExamScore.gmatScore,
                    refreshAfter: "KEYPRESS",
                    validations: {},
                    align: "LEFT"
                  )
                }
              ),
              #"SYSTEM_SYSRULES_columnLayout"(
                contents: {
                  #"SYSTEM_SYSRULES_fileUploadField_v1"(
                    label: "GMAT Official Document",
                    labelPosition: "ABOVE",
                    target: #"_a-0000e5f0-9185-8000-9baa-011c48011c48_40167",
                    maxSelections: 1,
                    value: ri!applicantExamScore.gmatDoc,
                    saveInto: ri!applicantExamScore.gmatDoc,
                    showWhen: if(not(isnull(ri!applicantExamScore.gmatScore)),
                    true, false)
                  ,
                    validations: {},
                    buttonStyle: "STANDARD",
                    buttonSize: "SMALL"
                  )
                }
              )
            }
          ),
          #"SYSTEM_SYSRULES_columnsLayout"(
            columns: {
              #"SYSTEM_SYSRULES_columnLayout"(
                contents: {
                  #"SYSTEM_SYSRULES_integerField"(
                    label: "GRE",
                    labelPosition: "ABOVE",
                    value: ri!applicantExamScore.greScore,
                    saveInto: ri!applicantExamScore.greScore,
                    refreshAfter: "KEYPRESS",
                    validations: {},
                    align: "LEFT"
                  )
                }
              ),
              #"SYSTEM_SYSRULES_columnLayout"(
                contents: {
                  #"SYSTEM_SYSRULES_fileUploadField_v1"(
                    label: "GRE Official Document",
                    labelPosition: "ABOVE",
                    target: #"_a-0000e5f0-9185-8000-9baa-011c48011c48_40167",
                    maxSelections: 1,
                    value: ri!applicantExamScore.greDoc,
                    saveInto: ri!applicantExamScore.greDoc,
                    showWhen: if(not(isnull(ri!applicantExamScore.greScore)),
                    true, false)
                  ,
                    validations: {},
                    buttonStyle: "STANDARD",
                    buttonSize: "SMALL"
                  )
                }
              )
            }
          ),
          #"SYSTEM_SYSRULES_columnsLayout"(
            columns: {
              #"SYSTEM_SYSRULES_columnLayout"(
                contents: {
                  #"SYSTEM_SYSRULES_integerField"(
                    label: "LSAT",
                    labelPosition: "ABOVE",
                    value: ri!applicantExamScore.lsatScore,
                    saveInto: ri!applicantExamScore.lsatScore,
                    refreshAfter: "KEYPRESS",
                    validations: {},
                    align: "LEFT"
                  )
                }
              ),
              #"SYSTEM_SYSRULES_columnLayout"(
                contents: {
                  #"SYSTEM_SYSRULES_fileUploadField_v1"(
                    label: "LSAT Official Document",
                    labelPosition: "ABOVE",
                    target: #"_a-0000e5f0-9185-8000-9baa-011c48011c48_40167",
                    maxSelections: 1,
                    value: ri!applicantExamScore.lsatDoc,
                    saveInto: ri!applicantExamScore.lsatDoc,
                    showWhen: if(not(isnull(ri!applicantExamScore.lsatScore)),
                    true, false)
                  ,
                    validations: {},
                    buttonStyle: "STANDARD",
                    buttonSize: "SMALL"
                  )
                }
              )
            }
          ),
          #"SYSTEM_SYSRULES_columnsLayout"(
            columns: {
              #"SYSTEM_SYSRULES_columnLayout"(
                contents: {
                  #"SYSTEM_SYSRULES_integerField"(
                    label: "TOEFL",
                    labelPosition: "ABOVE",
                    value: ri!applicantExamScore.toeflScore,
                    saveInto: ri!applicantExamScore.toeflScore,
                    refreshAfter: "KEYPRESS",
                    validations: {},
                    align: "LEFT"
                  )
                }
              ),
              #"SYSTEM_SYSRULES_columnLayout"(
                contents: {
                  #"SYSTEM_SYSRULES_fileUploadField_v1"(
                    label: "TOEFL Official Document",
                    labelPosition: "ABOVE",
                    target: #"_a-0000e5f0-9185-8000-9baa-011c48011c48_40167",
                    maxSelections: 1,
                    value: ri!applicantExamScore.toeflDoc,
                    saveInto: ri!applicantExamScore.toeflDoc,
                    showWhen: if(not(isnull(ri!applicantExamScore.toeflScore)),
                    true, false)
                  ,
                    validations: {},
                    buttonStyle: "STANDARD",
                    buttonSize: "SMALL"
                  )
                }
              )
            }
          ),
          #"SYSTEM_SYSRULES_columnsLayout"(
            columns: {
              #"SYSTEM_SYSRULES_columnLayout"(
                contents: {
                  #"SYSTEM_SYSRULES_floatingPointField"(
                    label: "IELTS",
                    labelPosition: "ABOVE",
                    value: ri!applicantExamScore.ieltsScore,
                    saveInto: ri!applicantExamScore.ieltsScore,
                    refreshAfter: "KEYPRESS",
                    validations: {},
                    align: "LEFT"
                  )
                }
              ),
              #"SYSTEM_SYSRULES_columnLayout"(
                contents: {
                  #"SYSTEM_SYSRULES_fileUploadField_v1"(
                    label: "IELTS Official Document",
                    labelPosition: "ABOVE",
                    target: #"_a-0000e5f0-9185-8000-9baa-011c48011c48_40167",
                    maxSelections: 1,
                    value: ri!applicantExamScore.ieltsDoc,
                    saveInto: ri!applicantExamScore.ieltsDoc,
                    showWhen: if(not(isnull(ri!applicantExamScore.ieltsScore)),
                    true, false)
                  ,
                    validations: {},
                    buttonStyle: "STANDARD",
                    buttonSize: "SMALL"
                  )
                }
              )
            }
          )
        },
        showWhen: or(local!activeStep = {5, length(local!steps)})
      ),
      #"SYSTEM_SYSRULES_sectionLayout_v1"(
        label: "Extracurriculars",
        contents: {
          #"SYSTEM_SYSRULES_dropdownField_v1"(
            label: "Category",
            labelPosition: "ABOVE",
            placeholder: "Please select an option",
            choiceLabels: #"_a-0000e5f0-9185-8000-9baa-011c48011c48_35541",
            choiceValues: #"_a-0000e5f0-9185-8000-9baa-011c48011c48_35541",
            value: ri!application.category,
            saveInto: ri!application.category,
            searchDisplay: "AUTO",
            validations: {}
          ),
          #"SYSTEM_SYSRULES_textField"(
            label: "Details",
            labelPosition: "ABOVE",
            instructions: "Provide brief summary of your role or achievement",
            value: ri!application.categoryDesc,
            saveInto: ri!application.categoryDesc,
            refreshAfter: "UNFOCUS",
            showWhen: if(and(not(isnull(ri!application.category)),
            not(ri!application.category = "None")),
            true,
            false 
            ),
            masked: false,
            validations: {},
            align: "LEFT"
          ),
          #"SYSTEM_SYSRULES_fileUploadField_v1"(
            label: "Supporting Document",
            labelPosition: "ABOVE",
            target: #"_a-0000e5f0-9185-8000-9baa-011c48011c48_36525",
            maxSelections: 1,
            value: ri!application.categoryDocument,
            saveInto: ri!application.categoryDocument,
            showWhen: if(and(not(isnull(ri!application.category)),
            not(ri!application.category = "None")),
            true,
            false 
            ),
            validations: {},
            buttonStyle: "STANDARD",
            buttonSize: "SMALL"
          )
        },
        showWhen: or(local!activeStep = {6, length(local!steps)})
      ),
      #"SYSTEM_SYSRULES_sectionLayout_v1"(
        label: "Agreements and Non-Discrimination Clause",
        contents: {
          #"SYSTEM_SYSRULES_columnsLayout"(
            columns: {
              #"SYSTEM_SYSRULES_columnLayout"(
                contents: {
                  #"SYSTEM_SYSRULES_richTextDisplayField"(
                    labelPosition: "COLLAPSED",
                    value: {
                      #"SYSTEM_SYSRULES_richTextItem_v1"(
                        text: {
                          "Vaccination Information"
                        },
                        style: {
                          "STRONG"
                        }
                      ),
                      char(10),
                      char(10),
                      "By checking ‘I Agree’ below I acknowledge that I have read the ",
                      #"SYSTEM_SYSRULES_richTextItem_v1"(
                        text: {
                          "Important Information about Bacterial Meningitis"
                        },
                        link: #"SYSTEM_SYSRULES_safeLink"(
                          uri: "http://www.utdallas.edu/vaccine",
                          openLinkIn: "NEW_TAB"
                        ),
                        linkStyle: "INLINE"
                      ),
                      "."
                    }
                  )
                }
              ),
              #"SYSTEM_SYSRULES_columnLayout"(
                contents: {
                  #"SYSTEM_SYSRULES_checkboxField"(
                    label: "Vaccination Requirement Acknowledgement",
                    labelPosition: "ABOVE",
                    choiceLabels: {"I Agree"},
                    choiceValues: {true},
                    value: ri!application.indVaccineAgreement,
                    saveInto: ri!application.indVaccineAgreement,
                    required: true,
                    validations: {}
                  )
                }
              )
            }
          ),
          #"SYSTEM_SYSRULES_columnsLayout"(
            columns: {
              #"SYSTEM_SYSRULES_columnLayout"(
                contents: {
                  #"SYSTEM_SYSRULES_richTextDisplayField"(
                    labelPosition: "COLLAPSED",
                    value: {
                      #"SYSTEM_SYSRULES_richTextItem_v1"(
                        text: {
                          "FERPA"
                        },
                        style: {
                          "STRONG"
                        }
                      ),
                      char(10),
                      char(10),
                      "Notification of Rights under the Family Educational Right to Privacy Act (FERPA): Information collected about you through this application may be held by any institution of higher education to which you apply. With few exceptions, you are entitled on your request to be informed about the collected information. Under Sections 552.021 and 552.023 of the Texas Government Code, you are entitled to receive and review the information. Under section 559.004 of the Texas Government Code, you are entitled to correct information held by an institution that is incorrect. You may correct information held by any institution to which you apply by contacting the institution. The information that is collected about you will be retained and maintained as required by Texas records retention laws (Section 441.180 et seq. of the Texas Government Code) and rules. Different types of information are kept for different periods of time."
                    },
                    align: "LEFT"
                  )
                }
              ),
              #"SYSTEM_SYSRULES_columnLayout"(
                contents: {
                  #"SYSTEM_SYSRULES_checkboxField"(
                    label: "FERPA Acknowledgement",
                    labelPosition: "ABOVE",
                    choiceLabels: {"I Agree"},
                    choiceValues: {true},
                    value: ri!application.indFerpaAgreement,
                    saveInto: ri!application.indFerpaAgreement,
                    required: true,
                    validations: {}
                  )
                }
              )
            }
          ),
          #"SYSTEM_SYSRULES_columnsLayout"(
            columns: {
              #"SYSTEM_SYSRULES_columnLayout"(
                contents: {
                  #"SYSTEM_SYSRULES_richTextDisplayField"(
                    labelPosition: "COLLAPSED",
                    value: {
                      #"SYSTEM_SYSRULES_richTextItem_v1"(
                        text: {
                          "Authorizations and Acknowledgments"
                        },
                        style: {
                          "STRONG"
                        }
                      ),
                      char(10),
                      char(10),
                      "If my application is accepted, I agree to abide by the policies, rules and regulations at any college to which I am admitted. I authorize the college to verify the information I have provided. I certify that the information I have provided is complete and correct and I understand that the submission of false information is grounds for rejection of my application, withdrawal of any offer of acceptance, cancellation of enrollment and/or appropriate disciplinary action. I understand that officials of my college will use the information submitted on this form to determine my status for residency eligibility. I authorize the college to electronically access my records regarding the Texas Success Initiative. I agree to notify the proper officials of the institution of any changes in the information provided."
                    },
                    align: "LEFT"
                  )
                }
              ),
              #"SYSTEM_SYSRULES_columnLayout"(
                contents: {
                  #"SYSTEM_SYSRULES_checkboxField"(
                    label: "Acknowledgement",
                    labelPosition: "ABOVE",
                    choiceLabels: {"I Agree"},
                    choiceValues: {true},
                    value: ri!application.indAuthAck,
                    saveInto: ri!application.indAuthAck,
                    required: true,
                    validations: {}
                  )
                }
              )
            }
          ),
          #"SYSTEM_SYSRULES_columnsLayout"(
            columns: {
              #"SYSTEM_SYSRULES_columnLayout"(
                contents: {
                  #"SYSTEM_SYSRULES_richTextDisplayField"(
                    labelPosition: "COLLAPSED",
                    value: {
                      #"SYSTEM_SYSRULES_richTextItem_v1"(
                        text: {
                          "Pending Graduation"
                        },
                        style: {
                          "STRONG"
                        }
                      ),
                      char(10),
                      char(10),
                      "Verification of Graduation Requirement All applicants must present official attested documentation confirming the award of an U.S. bachelor's degree or equivalent.I understand that I must submit official attested documentation confirming the award of an U.S. bachelor's or equivalent. If I am admitted to the university prior to completion of a bachelor's degree or equivalent, my continued enrollment at UT Dallas is contingent upon the receipt of official attested transcripts (final transcript and/or degree certificate) confirming the award of a bachelor's degree or equivalent in a school sealed envelope. Failure to do so, will result in my inability to register for classes in subsequent semesters."
                    },
                    align: "LEFT"
                  )
                }
              ),
              #"SYSTEM_SYSRULES_columnLayout"(
                contents: {
                  #"SYSTEM_SYSRULES_checkboxField"(
                    label: "Pending graduation acknowledgment",
                    labelPosition: "ABOVE",
                    choiceLabels: {"Yes, I acknowledge and agree to the side-mentioned terms"},
                    choiceValues: {true},
                    value: ri!application.indPendingGradSign,
                    saveInto: ri!application.indPendingGradSign,
                    required: true,
                    validations: {}
                  )
                }
              )
            }
          ),
          #"SYSTEM_SYSRULES_columnsLayout"(
            columns: {
              #"SYSTEM_SYSRULES_columnLayout"(
                contents: {
                  #"SYSTEM_SYSRULES_richTextDisplayField"(
                    label: "",
                    labelPosition: "COLLAPSED",
                    value: {
                      #"SYSTEM_SYSRULES_richTextItem_v1"(
                        text: {
                          "Non-Discrimination Clause"
                        },
                        style: {
                          "STRONG"
                        }
                      ),
                      char(10),
                      char(10),
                      "UT Dallas does not discriminate on the basis of race, color, religion, sex (including pregnancy), sexual orientation, gender identity, gender expression, age, national origin, disability, genetic information or veteran status in its programs and activities. This policy applies to all terms and conditions of employment, admission and enrollment. For more information contact the Office of Institutional Equity and Compliance."
                    },
                    align: "LEFT"
                  )
                }
              ),
              #"SYSTEM_SYSRULES_columnLayout"(
                contents: {
                  #"SYSTEM_SYSRULES_checkboxField"(
                    label: "Non-discrimination clause acknowledgment",
                    labelPosition: "ABOVE",
                    choiceLabels: {"Yes, I acknowledge and agree to the side-mentioned terms"},
                    choiceValues: {true},
                    value: ri!application.indNdcSign,
                    saveInto: ri!application.indNdcSign,
                    required: true,
                    validations: {}
                  )
                }
              )
            }
          )
        },
        showWhen: or(local!activeStep = {7, length(local!steps)})
      )
    },
    buttons: #"SYSTEM_SYSRULES_ButtonLayout"(
      primaryButtons: {
        #"SYSTEM_SYSRULES_ButtonWidget"(
          label: "SUBMIT",
          icon: "check",
          submit: true,
          style: "PRIMARY",
          showWhen: local!activeStep = length(local!steps)
        ),
        #"SYSTEM_SYSRULES_ButtonWidget"(
          label: "Next",
          icon: "arrow-right",
          value: local!activeStep + 1,
          saveInto: {
            local!activeStep
          },
          style: "PRIMARY",
          showWhen: local!activeStep &lt;&gt; length(local!steps),
          validate: true
        )
      },
      secondaryButtons: {
        #"SYSTEM_SYSRULES_ButtonWidget"(
          label: "Go Back",
          icon: "arrow-left",
          value: local!activeStep - 1,
          saveInto: local!activeStep,
          style: "PRIMARY",
          showWhen: local!activeStep &gt; 1
        ),
        #"SYSTEM_SYSRULES_ButtonWidget"(
          label: "Cancel",
          icon: "times",
          value: true,
          saveInto: ri!cancel,
          submit: true,
          size: "STANDARD",
          style: "PRIMARY",
          validate: false
        )
      }
    )
  )
)</definition>
        <namedTypedValue>
            <name>cancel</name>
            <type>
                <name>boolean</name>
                <namespace>http://www.w3.org/2001/XMLSchema</namespace>
            </type>
        </namedTypedValue>
        <namedTypedValue>
            <name>applicant</name>
            <type>
                <name>HAP_Applicant</name>
                <namespace>urn:com:appian:types.utd.af</namespace>
            </type>
        </namedTypedValue>
        <namedTypedValue>
            <name>application</name>
            <type>
                <name>HAP_Application</name>
                <namespace>urn:com:appian:types.utd.af</namespace>
            </type>
        </namedTypedValue>
        <namedTypedValue>
            <name>education</name>
            <type>
                <name>HAP_Academic_Background</name>
                <namespace>urn:com:appian:types</namespace>
            </type>
        </namedTypedValue>
        <namedTypedValue>
            <name>applicantExamScore</name>
            <type>
                <name>HAP_Exam_Scores</name>
                <namespace>urn:com:appian:types</namespace>
            </type>
        </namedTypedValue>
        <preferredEditor>interface</preferredEditor>
        <offlineEnabled>false</offlineEnabled>
    </rule>
    <roleMap public="true">
        <role inherit="true" allowForAll="false" name="readers">
            <users/>
            <groups/>
        </role>
        <role inherit="true" allowForAll="false" name="authors">
            <users/>
            <groups/>
        </role>
        <role inherit="true" allowForAll="false" name="administrators">
            <users/>
            <groups/>
        </role>
        <role inherit="false" allowForAll="false" name="denyReaders">
            <users/>
            <groups/>
        </role>
        <role inherit="false" allowForAll="false" name="denyAuthors">
            <users/>
            <groups/>
        </role>
        <role inherit="false" allowForAll="false" name="denyAdministrators">
            <users/>
            <groups/>
        </role>
    </roleMap>
    <history>
        <historyInfo versionUuid="_a-0000e5f0-9185-8000-9baa-011c48011c48_52364"/>
    </history>
</contentHaul>
