<?xml version="1.0" encoding="UTF-8" standalone="yes"?>
<contentHaul xmlns:a="http://www.appian.com/ae/types/2009">
    <versionUuid>_a-0000e5f0-9185-8000-9baa-011c48011c48_42793</versionUuid>
    <constant>
        <name>HAP_COUNTRYOFCITIZENSHIP</name>
        <uuid>_a-0000e5f0-9185-8000-9baa-011c48011c48_42782</uuid>
        <description>list of countries</description>
        <parentUuid>_a-0000e5f0-9185-8000-9baa-011c48011c48_34273</parentUuid>
        <visibility>
            <advertise>false</advertise>
            <hierarchy>true</hierarchy>
            <indexable>true</indexable>
            <quota>false</quota>
            <searchable>true</searchable>
            <system>false</system>
            <unlogged>false</unlogged>
        </visibility>
        <typedValue>
            <type>
                <name>Text?list</name>
                <namespace>http://www.appian.com/ae/types/2009</namespace>
            </type>
            <value>
                <el>Albania</el>
                <el>Algeria</el>
                <el>Argentina</el>
                <el>Australia</el>
                <el>Austria</el>
                <el>Bangladesh</el>
                <el>Belgium</el>
                <el>Bhutan</el>
                <el>Brazil</el>
                <el>Canada</el>
                <el>Chile</el>
                <el>China</el>
                <el>Colombia</el>
                <el>Costa Rica</el>
                <el>Czech Republic</el>
                <el>Denmark</el>
                <el>Egypt</el>
                <el>Finland</el>
                <el>France</el>
                <el>Georgia</el>
                <el>Germany</el>
                <el>Greece</el>
                <el>Iceland</el>
                <el>India</el>
                <el>Italy</el>
                <el>Japan</el>
                <el>Korea, South</el>
                <el>Kuwait</el>
                <el>Malaysia</el>
                <el>Maldives</el>
                <el>Mauritius</el>
                <el>Mexico</el>
                <el>Nepal</el>
                <el>Netherlands</el>
                <el>New Zealand</el>
                <el>Pakistan</el>
                <el>Peru</el>
                <el>Philippines</el>
                <el>Poland</el>
                <el>Portugal</el>
                <el>Russia</el>
                <el>Saudi Arabia</el>
                <el>Singapore</el>
                <el>South Africa</el>
                <el>Spain</el>
                <el>Sri Lanka</el>
                <el>Sweden</el>
                <el>Switzerland</el>
                <el>Thailand</el>
                <el>Turkey</el>
                <el>Uganda</el>
                <el>Ukraine</el>
                <el>United Arab Emirates</el>
                <el>United Kingdom</el>
                <el>Other</el>
            </value>
        </typedValue>
        <isEnvironmentSpecific>false</isEnvironmentSpecific>
    </constant>
    <roleMap public="true">
        <role inherit="true" allowForAll="false" name="readers">
            <users/>
            <groups/>
        </role>
        <role inherit="true" allowForAll="false" name="authors">
            <users/>
            <groups/>
        </role>
        <role inherit="true" allowForAll="false" name="administrators">
            <users/>
            <groups/>
        </role>
        <role inherit="false" allowForAll="false" name="denyReaders">
            <users/>
            <groups/>
        </role>
        <role inherit="false" allowForAll="false" name="denyAuthors">
            <users/>
            <groups/>
        </role>
        <role inherit="false" allowForAll="false" name="denyAdministrators">
            <users/>
            <groups/>
        </role>
    </roleMap>
    <history>
        <historyInfo versionUuid="_a-0000e5f0-9185-8000-9baa-011c48011c48_42793"/>
    </history>
</contentHaul>
