<?xml version="1.0" encoding="UTF-8" standalone="yes"?>
<contentHaul xmlns:a="http://www.appian.com/ae/types/2009">
    <versionUuid>_a-0000e5f0-9185-8000-9baa-011c48011c48_48694</versionUuid>
    <rule>
        <name>Get_ApplicationByID</name>
        <uuid>_a-0000e5f0-9185-8000-9baa-011c48011c48_48630</uuid>
        <description>fetch the application by ID</description>
        <parentUuid>_a-0000e5f0-9185-8000-9baa-011c48011c48_34273</parentUuid>
        <visibility>
            <advertise>false</advertise>
            <hierarchy>true</hierarchy>
            <indexable>true</indexable>
            <quota>false</quota>
            <searchable>true</searchable>
            <system>false</system>
            <unlogged>false</unlogged>
        </visibility>
        <definition>#"SYSTEM_SYSRULES_queryEntity_v1"(
  entity: #"_a-0000e5f0-9185-8000-9baa-011c48011c48_47149",
  query: #"SYSTEM_SYSRULES_query"(
    logicalExpression: #"SYSTEM_SYSRULES_queryLogicalExpression"(
      operator: "AND",
      filters: {
        #"SYSTEM_SYSRULES_queryFilter"(
          field: "applicationID",
          operator: "=",
          value: ri!applicationId
        )
      },
      ignoreFiltersWithEmptyValues: true
    ),
    pagingInfo: #"SYSTEM_SYSRULES_pagingInfo"(
      startIndex: 1,
      batchSize: 50
    )
  ),
  fetchTotalCount: false
).data</definition>
        <namedTypedValue>
            <name>applicationId</name>
            <type>
                <name>int</name>
                <namespace>http://www.w3.org/2001/XMLSchema</namespace>
            </type>
        </namedTypedValue>
        <preferredEditor>legacy</preferredEditor>
        <offlineEnabled>false</offlineEnabled>
    </rule>
    <roleMap public="true">
        <role inherit="true" allowForAll="false" name="readers">
            <users/>
            <groups/>
        </role>
        <role inherit="true" allowForAll="false" name="authors">
            <users/>
            <groups/>
        </role>
        <role inherit="true" allowForAll="false" name="administrators">
            <users/>
            <groups/>
        </role>
        <role inherit="false" allowForAll="false" name="denyReaders">
            <users/>
            <groups/>
        </role>
        <role inherit="false" allowForAll="false" name="denyAuthors">
            <users/>
            <groups/>
        </role>
        <role inherit="false" allowForAll="false" name="denyAdministrators">
            <users/>
            <groups/>
        </role>
    </roleMap>
    <history>
        <historyInfo versionUuid="_a-0000e5f0-9185-8000-9baa-011c48011c48_48694"/>
    </history>
</contentHaul>
