<?xml version="1.0" encoding="UTF-8" standalone="yes"?>
<contentHaul xmlns:a="http://www.appian.com/ae/types/2009">
    <versionUuid>_a-0000e5f0-9185-8000-9baa-011c48011c48_51648</versionUuid>
    <rule>
        <name>HAP_ReadOnlySmry</name>
        <uuid>_a-0000e5f0-9185-8000-9baa-011c48011c48_50123</uuid>
        <description>Read only view of application for admissions and counselor</description>
        <parentUuid>_a-0000e5f0-9185-8000-9baa-011c48011c48_34262</parentUuid>
        <visibility>
            <advertise>false</advertise>
            <hierarchy>true</hierarchy>
            <indexable>true</indexable>
            <quota>false</quota>
            <searchable>true</searchable>
            <system>false</system>
            <unlogged>false</unlogged>
        </visibility>
        <definition>{
  #"SYSTEM_SYSRULES_boxLayout"(
    label: "Applicant Identifying Information",
    contents: {
      #"SYSTEM_SYSRULES_columnsLayout"(
        columns: {
          #"SYSTEM_SYSRULES_columnLayout"(
            contents: {
              #"SYSTEM_SYSRULES_textField"(
                label: "First Name",
                labelPosition: "ADJACENT",
                value: ri!HAP_Application.applicant.firstName,
                readOnly: true
              ),
              #"SYSTEM_SYSRULES_textField"(
                label: "Middle Name",
                labelPosition: "ADJACENT",
                value: ri!HAP_Application.applicant.middleName,
                readOnly: true
              ),
              #"SYSTEM_SYSRULES_textField"(
                label: "Last Name",
                labelPosition: "ADJACENT",
                value: ri!HAP_Application.applicant.lastName,
                readOnly: true
              ),
              #"SYSTEM_SYSRULES_textField"(
                label: "Name Suffix",
                labelPosition: "ADJACENT",
                value: ri!HAP_Application.applicant.nameSuffix,
                readOnly: true
              ),
              #"SYSTEM_SYSRULES_dateField"(
                label: "Date Of Birth",
                labelPosition: "ADJACENT",
                value: ri!HAP_Application.applicant.dateOfBirth,
                readOnly: true
              ),
              #"SYSTEM_SYSRULES_textField"(
                label: "Gender",
                labelPosition: "ADJACENT",
                value: ri!HAP_Application.applicant.gender,
                readOnly: true
              ),
              #"SYSTEM_SYSRULES_textField"(
                label: "Primary Phone",
                labelPosition: "ADJACENT",
                value: ri!HAP_Application.applicant.primaryPhone,
                readOnly: true
              ),
              #"SYSTEM_SYSRULES_textField"(
                label: "Mobile Phone",
                labelPosition: "ADJACENT",
                value: ri!HAP_Application.applicant.mobilePhone,
                readOnly: true
              ),
              #"SYSTEM_SYSRULES_textField"(
                label: "Primary Email",
                labelPosition: "ADJACENT",
                value: ri!HAP_Application.applicant.primaryEmail,
                readOnly: true
              ),
              #"SYSTEM_SYSRULES_textField"(
                label: "Secondary Email",
                labelPosition: "ADJACENT",
                value: ri!HAP_Application.applicant.secondaryEmail,
                readOnly: true
              ),
              #"SYSTEM_SYSRULES_textField"(
                label: "Country Of Citizenship",
                labelPosition: "ADJACENT",
                value: ri!HAP_Application.applicant.countryOfCitizenship,
                readOnly: true
              ),
              #"SYSTEM_SYSRULES_textField"(
                label: "SSN",
                labelPosition: "ADJACENT",
                value: ri!HAP_Application.applicant.ssn,
                readOnly: true
              )
            }
          ),
          #"SYSTEM_SYSRULES_columnLayout"(
            contents: {
              #"SYSTEM_SYSRULES_textField"(
                label: "Home St Address",
                labelPosition: "ADJACENT",
                value: ri!HAP_Application.applicant.homeStAddressLine1,
                readOnly: true
              ),
              #"SYSTEM_SYSRULES_textField"(
                label: "Home City",
                labelPosition: "ADJACENT",
                value: ri!HAP_Application.applicant.homeCity,
                readOnly: true
              ),
              #"SYSTEM_SYSRULES_textField"(
                label: "Home State",
                labelPosition: "ADJACENT",
                value: ri!HAP_Application.applicant.homeState,
                readOnly: true
              ),
              #"SYSTEM_SYSRULES_integerField"(
                label: "Home Zipcode",
                labelPosition: "ADJACENT",
                value: ri!HAP_Application.applicant.homeZipcode,
                readOnly: true
              ),
              #"SYSTEM_SYSRULES_textField"(
                label: "Mailing St Address",
                labelPosition: "ADJACENT",
                value: ri!HAP_Application.applicant.mailingStAddressLine1,
                readOnly: true
              ),
              #"SYSTEM_SYSRULES_textField"(
                label: "Mailing City",
                labelPosition: "ADJACENT",
                value: ri!HAP_Application.applicant.mailingCity,
                readOnly: true
              ),
              #"SYSTEM_SYSRULES_textField"(
                label: "Mailing State",
                labelPosition: "ADJACENT",
                value: ri!HAP_Application.applicant.mailingState,
                readOnly: true
              ),
              #"SYSTEM_SYSRULES_integerField"(
                label: "Mailing Zipcode",
                labelPosition: "ADJACENT",
                value: ri!HAP_Application.applicant.mailingZipcode,
                readOnly: true
              ),
              #"SYSTEM_SYSRULES_textField"(
                label: "U.S. Citizenship Type",
                labelPosition: "ADJACENT",
                value: ri!HAP_Application.applicant.usCitizenshipType,
                readOnly: true
              ),
              #"SYSTEM_SYSRULES_checkboxField"(
                labelPosition: "ADJACENT",
                choiceLabels: {
                  "US Citizen"
                },
                choiceValues: {
                  true
                },
                value: if(
                  ri!HAP_Application.applicant.isUSCitizen,
                  true,
                  null
                ),
                disabled: true
              ),
              #"SYSTEM_SYSRULES_checkboxField"(
                labelPosition: "ADJACENT",
                choiceLabels: {
                  "Residing In US"
                },
                choiceValues: {
                  true
                },
                value: if(
                  ri!HAP_Application.applicant.isResidingInUS,
                  true,
                  null
                ),
                disabled: true
              ),
              #"SYSTEM_SYSRULES_textField"(
                label: "Require Change In Visa Status",
                labelPosition: "ADJACENT",
                value: ri!HAP_Application.applicant.requireChangeInVisaStatus,
                readOnly: true
              )
            }
          )
        }
      )
    },
    marginBelow: "STANDARD"
  ),
  #"SYSTEM_SYSRULES_columnsLayout"(
    columns: {
      #"SYSTEM_SYSRULES_columnLayout"(
        contents: {
          #"SYSTEM_SYSRULES_textField"(
            label: "School",
            labelPosition: "ADJACENT",
            value: ri!HAP_Application.school,
            readOnly: true
          ),
          #"SYSTEM_SYSRULES_textField"(
            label: "Program",
            labelPosition: "ADJACENT",
            value: ri!HAP_Application.program,
            readOnly: true
          ),
          #"SYSTEM_SYSRULES_textField"(
            label: "Semester",
            labelPosition: "ADJACENT",
            value: ri!HAP_Application.semester,
            readOnly: true
          ),
          #"SYSTEM_SYSRULES_textField"(
            label: "Status",
            labelPosition: "ADJACENT",
            value: ri!HAP_Application.status,
            readOnly: true
          ),
          #"SYSTEM_SYSRULES_textField"(
            label: "Type Of Study",
            labelPosition: "ADJACENT",
            value: ri!HAP_Application.typeOfStudy,
            readOnly: true
          ),
          #"SYSTEM_SYSRULES_textField"(
            label: "Net ID",
            labelPosition: "ADJACENT",
            value: ri!HAP_Application.netID,
            readOnly: true
          ),
          #"SYSTEM_SYSRULES_textField"(
            label: "Application Status",
            labelPosition: "ADJACENT",
            value: ri!HAP_Application.applicationStatus,
            readOnly: true
          ),
          #"SYSTEM_SYSRULES_dateField"(
            label: "Start Date",
            labelPosition: "ADJACENT",
            value: ri!HAP_Application.startDate,
            readOnly: true
          ),
          #"SYSTEM_SYSRULES_dateField"(
            label: "Completed Date",
            labelPosition: "ADJACENT",
            value: ri!HAP_Application.completedDate,
            readOnly: true
          )
        }
      ),
      #"SYSTEM_SYSRULES_columnLayout"(
        contents: {
          #"SYSTEM_SYSRULES_textField"(
            label: "Updated By Staff",
            labelPosition: "ADJACENT",
            value: ri!HAP_Application.updatedByStaff,
            readOnly: true
          ),
          #"SYSTEM_SYSRULES_dateField"(
            label: "Updated By Admissions On",
            labelPosition: "ADJACENT",
            value: ri!HAP_Application.updatedByAdmissionsOn,
            readOnly: true
          ),
          #"SYSTEM_SYSRULES_textField"(
            label: "Admissions Comments",
            labelPosition: "ADJACENT",
            value: ri!HAP_Application.admissionsComments,
            readOnly: true
          ),
          #"SYSTEM_SYSRULES_textField"(
            label: "Updated By Counsellor",
            labelPosition: "ADJACENT",
            value: ri!HAP_Application.updatedByCounsellor,
            readOnly: true
          ),
          #"SYSTEM_SYSRULES_dateField"(
            label: "Updated By Counsellor On",
            labelPosition: "ADJACENT",
            value: ri!HAP_Application.updatedByCounsellorOn,
            readOnly: true
          ),
          #"SYSTEM_SYSRULES_textField"(
            label: "Counsellor Comments",
            labelPosition: "ADJACENT",
            value: ri!HAP_Application.counsellorComments,
            readOnly: true
          )
        }
      )
    }
  )
}</definition>
        <namedTypedValue>
            <name>HAP_Application</name>
            <type>
                <name>HAP_Application</name>
                <namespace>urn:com:appian:types.utd.af</namespace>
            </type>
        </namedTypedValue>
        <preferredEditor>interface</preferredEditor>
        <offlineEnabled>false</offlineEnabled>
    </rule>
    <roleMap public="true">
        <role inherit="true" allowForAll="false" name="readers">
            <users/>
            <groups/>
        </role>
        <role inherit="true" allowForAll="false" name="authors">
            <users/>
            <groups/>
        </role>
        <role inherit="true" allowForAll="false" name="administrators">
            <users/>
            <groups/>
        </role>
        <role inherit="false" allowForAll="false" name="denyReaders">
            <users/>
            <groups/>
        </role>
        <role inherit="false" allowForAll="false" name="denyAuthors">
            <users/>
            <groups/>
        </role>
        <role inherit="false" allowForAll="false" name="denyAdministrators">
            <users/>
            <groups/>
        </role>
    </roleMap>
    <typedValue>
        <type>
            <name>RuleTestConfig?list</name>
            <namespace>http://www.appian.com/ae/types/2009</namespace>
        </type>
        <value>
            <el>
                <a:name/>
                <a:ruleInputTestConfigs>
                    <a:value xmlns:xsi="http://www.w3.org/2001/XMLSchema-instance" xsi:type="a:Expression">'type!{urn:com:appian:types.utd.af}HAP_Application'()</a:value>
                    <a:nameRef>HAP_Application</a:nameRef>
                    <a:id>1</a:id>
                </a:ruleInputTestConfigs>
                <a:assertions xmlns:xsi="http://www.w3.org/2001/XMLSchema-instance" xsi:nil="true"/>
            </el>
        </value>
    </typedValue>
    <history>
        <historyInfo versionUuid="_a-0000e5f0-9185-8000-9baa-011c48011c48_51648"/>
    </history>
</contentHaul>
