<?xml version="1.0" encoding="UTF-8" standalone="yes"?>
<contentHaul xmlns:a="http://www.appian.com/ae/types/2009">
    <versionUuid>_a-0000e5f0-9185-8000-9baa-011c48011c48_42760</versionUuid>
    <rule>
        <name>HAP_ExtracurricularsForm</name>
        <uuid>_a-0000e5f0-9185-8000-9baa-011c48011c48_34846</uuid>
        <description>This form captures the applicant extracurriculars, Resume, SOP and  LORs</description>
        <parentUuid>_a-0000e5f0-9185-8000-9baa-011c48011c48_34262</parentUuid>
        <visibility>
            <advertise>false</advertise>
            <hierarchy>true</hierarchy>
            <indexable>true</indexable>
            <quota>false</quota>
            <searchable>true</searchable>
            <system>false</system>
            <unlogged>false</unlogged>
        </visibility>
        <definition>{
  #"SYSTEM_SYSRULES_sectionLayout_v1"(
    label: "Activity / Awards",
    contents: {
      #"SYSTEM_SYSRULES_dropdownField_v1"(
        label: "Category",
        labelPosition: "ABOVE",
        placeholder: "Please select an option",
        choiceLabels: #"_a-0000e5f0-9185-8000-9baa-011c48011c48_35541",
        choiceValues: #"_a-0000e5f0-9185-8000-9baa-011c48011c48_35541",
        value: ri!application.category,
        saveInto: ri!application.category,
        searchDisplay: "AUTO",
        validations: {}
      )
    }
  ),
  #"SYSTEM_SYSRULES_textField"(
    label: "Details",
    labelPosition: "ABOVE",
    instructions: "Provide brief summary of your role or achievement",
    value: ri!application.categoryDesc,
    saveInto: ri!application.categoryDesc,
    refreshAfter: "UNFOCUS",
    showWhen: if(and(not(isnull(ri!application.category)),
    not(ri!application.category = "None")),
    true,
    false 
    ),
    masked: false,
    validations: {},
    align: "LEFT"
  ),
  #"SYSTEM_SYSRULES_fileUploadField_v1"(
    label: "Supporting document",
    labelPosition: "ABOVE",
    saveInto: {},
    showWhen: if(and(not(isnull(ri!application.category)),
    not(ri!application.category = "None")),
    true,
    false 
    ),
    validations: {}
  )
}</definition>
        <namedTypedValue>
            <name>application</name>
            <type>
                <name>HAP_Application</name>
                <namespace>urn:com:appian:types.utd.af</namespace>
            </type>
        </namedTypedValue>
        <preferredEditor>interface</preferredEditor>
        <offlineEnabled>false</offlineEnabled>
    </rule>
    <roleMap public="true">
        <role inherit="true" allowForAll="false" name="readers">
            <users/>
            <groups/>
        </role>
        <role inherit="true" allowForAll="false" name="authors">
            <users/>
            <groups/>
        </role>
        <role inherit="true" allowForAll="false" name="administrators">
            <users/>
            <groups/>
        </role>
        <role inherit="false" allowForAll="false" name="denyReaders">
            <users/>
            <groups/>
        </role>
        <role inherit="false" allowForAll="false" name="denyAuthors">
            <users/>
            <groups/>
        </role>
        <role inherit="false" allowForAll="false" name="denyAdministrators">
            <users/>
            <groups/>
        </role>
    </roleMap>
    <history>
        <historyInfo versionUuid="_a-0000e5f0-9185-8000-9baa-011c48011c48_42760"/>
    </history>
</contentHaul>
