<?xml version="1.0" encoding="UTF-8" standalone="yes"?>
<contentHaul xmlns:a="http://www.appian.com/ae/types/2009">
    <versionUuid>_a-0000e5f0-9185-8000-9baa-011c48011c48_42836</versionUuid>
    <rule>
        <name>HAP_Agreements</name>
        <uuid>_a-0000e5f0-9185-8000-9baa-011c48011c48_42369</uuid>
        <description>This interface captures the vaccination requirement, FERPA, acknowledgements and authorizations.</description>
        <parentUuid>_a-0000e5f0-9185-8000-9baa-011c48011c48_34262</parentUuid>
        <visibility>
            <advertise>false</advertise>
            <hierarchy>true</hierarchy>
            <indexable>true</indexable>
            <quota>false</quota>
            <searchable>true</searchable>
            <system>false</system>
            <unlogged>false</unlogged>
        </visibility>
        <definition>{
  #"SYSTEM_SYSRULES_sectionLayout_v1"(
    contents: {
      #"SYSTEM_SYSRULES_columnsLayout"(
        columns: {
          #"SYSTEM_SYSRULES_columnLayout"(
            contents: {
              #"SYSTEM_SYSRULES_richTextDisplayField"(
                labelPosition: "COLLAPSED",
                value: {
                  #"SYSTEM_SYSRULES_richTextItem_v1"(
                    text: {
                      "Vaccination Information"
                    },
                    style: {
                      "STRONG"
                    }
                  ),
                  char(10),
                  char(10),
                  "By checking ‘I Agree’ below I acknowledge that I have read the ",
                  #"SYSTEM_SYSRULES_richTextItem_v1"(
                    text: {
                      "Important Information about Bacterial Meningitis"
                    },
                    link: #"SYSTEM_SYSRULES_safeLink"(
                      uri: "http://www.utdallas.edu/vaccine",
                      openLinkIn: "NEW_TAB"
                    ),
                    linkStyle: "INLINE"
                  ),
                  "."
                }
              )
            }
          ),
          #"SYSTEM_SYSRULES_columnLayout"(
            contents: {
              #"SYSTEM_SYSRULES_checkboxField"(
                label: "Vaccination Requirement Acknowledgement",
                labelPosition: "ABOVE",
                choiceLabels: {"I Agree"},
                choiceValues: {true},
                value: ri!application.indVaccineAgreement,
                saveInto: ri!application.indVaccineAgreement,
                required: true,
                validations: {}
              )
            }
          )
        }
      )
    }
  ),
  #"SYSTEM_SYSRULES_columnsLayout"(
    columns: {
      #"SYSTEM_SYSRULES_columnLayout"(
        contents: {
          #"SYSTEM_SYSRULES_richTextDisplayField"(
            labelPosition: "COLLAPSED",
            value: {
              #"SYSTEM_SYSRULES_richTextItem_v1"(
                text: {
                  "FERPA"
                },
                style: {
                  "STRONG"
                }
              ),
              char(10),
              char(10),
              "Notification of Rights under the Family Educational Right to Privacy Act (FERPA): Information collected about you through this application may be held by any institution of higher education to which you apply. With few exceptions, you are entitled on your request to be informed about the collected information. Under Sections 552.021 and 552.023 of the Texas Government Code, you are entitled to receive and review the information. Under section 559.004 of the Texas Government Code, you are entitled to correct information held by an institution that is incorrect. You may correct information held by any institution to which you apply by contacting the institution. The information that is collected about you will be retained and maintained as required by Texas records retention laws (Section 441.180 et seq. of the Texas Government Code) and rules. Different types of information are kept for different periods of time."
            }
          )
        }
      ),
      #"SYSTEM_SYSRULES_columnLayout"(
        contents: {
          #"SYSTEM_SYSRULES_checkboxField"(
            label: "FERPA Acknowledgement",
            labelPosition: "ABOVE",
            choiceLabels: {"I Agree"},
            choiceValues: {true},
            value: ri!application.indFerpaAgreement,
            saveInto: ri!application.indFerpaAgreement,
            required: true,
            validations: {}
          )
        }
      )
    }
  ),
  #"SYSTEM_SYSRULES_columnsLayout"(
    columns: {
      #"SYSTEM_SYSRULES_columnLayout"(
        contents: {
          #"SYSTEM_SYSRULES_richTextDisplayField"(
            labelPosition: "COLLAPSED",
            value: {
              #"SYSTEM_SYSRULES_richTextItem_v1"(
                text: {
                  "Authorizations and Acknowledgments"
                },
                style: {
                  "STRONG"
                }
              ),
              char(10),
              char(10),
              "If my application is accepted, I agree to abide by the policies, rules and regulations at any college to which I am admitted. I authorize the college to verify the information I have provided. I certify that the information I have provided is complete and correct and I understand that the submission of false information is grounds for rejection of my application, withdrawal of any offer of acceptance, cancellation of enrollment and/or appropriate disciplinary action. I understand that officials of my college will use the information submitted on this form to determine my status for residency eligibility. I authorize the college to electronically access my records regarding the Texas Success Initiative. I agree to notify the proper officials of the institution of any changes in the information provided."
            }
          )
        }
      ),
      #"SYSTEM_SYSRULES_columnLayout"(
        contents: {
          #"SYSTEM_SYSRULES_checkboxField"(
            label: "Acknowledgement",
            labelPosition: "ABOVE",
            choiceLabels: {"I Agree"},
            choiceValues: {true},
            value: ri!application.indAuthAck,
            saveInto: ri!application.indAuthAck,
            required: true,
            validations: {}
          )
        }
      )
    }
  ),
  #"SYSTEM_SYSRULES_columnsLayout"(
    columns: {
      #"SYSTEM_SYSRULES_columnLayout"(
        contents: {
          #"SYSTEM_SYSRULES_richTextDisplayField"(
            labelPosition: "COLLAPSED",
            value: {
              #"SYSTEM_SYSRULES_richTextItem_v1"(
                text: {
                  "Pending Graduation"
                },
                style: {
                  "STRONG"
                }
              ),
              char(10),
              char(10),
              "Verification of Graduation Requirement All applicants must present official attested documentation confirming the award of an U.S. bachelor's degree or equivalent.I understand that I must submit official attested documentation confirming the award of an U.S. bachelor's or equivalent. If I am admitted to the university prior to completion of a bachelor's degree or equivalent, my continued enrollment at UT Dallas is contingent upon the receipt of official attested transcripts (final transcript and/or degree certificate) confirming the award of a bachelor's degree or equivalent in a school sealed envelope. Failure to do so, will result in my inability to register for classes in subsequent semesters."
            }
          )
        }
      ),
      #"SYSTEM_SYSRULES_columnLayout"(
        contents: {
          #"SYSTEM_SYSRULES_checkboxField"(
            label: "Pending graduation acknowledgment",
            labelPosition: "ABOVE",
            choiceLabels: {"Yes, I acknowledge and agree to the side-mentioned terms"},
            choiceValues: {true},
            value: ri!application.indPendingGradSign,
            saveInto: ri!application.indPendingGradSign,
            required: true,
            validations: {}
          )
        }
      )
    }
  ),
  #"SYSTEM_SYSRULES_columnsLayout"(
    columns: {
      #"SYSTEM_SYSRULES_columnLayout"(
        contents: {
          #"SYSTEM_SYSRULES_richTextDisplayField"(
            label: "",
            labelPosition: "COLLAPSED",
            value: {
              #"SYSTEM_SYSRULES_richTextItem_v1"(
                text: {
                  "Non-Discrimination Clause"
                },
                style: {
                  "STRONG"
                }
              ),
              char(10),
              char(10),
              "UT Dallas does not discriminate on the basis of race, color, religion, sex (including pregnancy), sexual orientation, gender identity, gender expression, age, national origin, disability, genetic information or veteran status in its programs and activities. This policy applies to all terms and conditions of employment, admission and enrollment. For more information contact the Office of Institutional Equity and Compliance."
            }
          )
        }
      ),
      #"SYSTEM_SYSRULES_columnLayout"(
        contents: {
          #"SYSTEM_SYSRULES_checkboxField"(
            label: "Non-discrimination clause acknowledgment",
            labelPosition: "ABOVE",
            choiceLabels: {"Yes, I acknowledge and agree to the side-mentioned terms"},
            choiceValues: {true},
            value: ri!application.indNdcSign,
            saveInto: ri!application.indNdcSign,
            required: true,
            validations: {}
          )
        }
      )
    }
  )
}</definition>
        <namedTypedValue>
            <name>application</name>
            <type>
                <name>HAP_Application</name>
                <namespace>urn:com:appian:types.utd.af</namespace>
            </type>
        </namedTypedValue>
        <preferredEditor>interface</preferredEditor>
        <offlineEnabled>false</offlineEnabled>
    </rule>
    <roleMap public="true">
        <role inherit="true" allowForAll="false" name="readers">
            <users/>
            <groups/>
        </role>
        <role inherit="true" allowForAll="false" name="authors">
            <users/>
            <groups/>
        </role>
        <role inherit="true" allowForAll="false" name="administrators">
            <users/>
            <groups/>
        </role>
        <role inherit="false" allowForAll="false" name="denyReaders">
            <users/>
            <groups/>
        </role>
        <role inherit="false" allowForAll="false" name="denyAuthors">
            <users/>
            <groups/>
        </role>
        <role inherit="false" allowForAll="false" name="denyAdministrators">
            <users/>
            <groups/>
        </role>
    </roleMap>
    <history>
        <historyInfo versionUuid="_a-0000e5f0-9185-8000-9baa-011c48011c48_42836"/>
    </history>
</contentHaul>
