<?xml version="1.0" encoding="UTF-8" standalone="yes"?>
<contentHaul xmlns:a="http://www.appian.com/ae/types/2009">
    <versionUuid>_a-0000e5f0-9185-8000-9baa-011c48011c48_36413</versionUuid>
    <constant>
        <name>HAP_UNDERGRAD_COURSES</name>
        <uuid>_a-0000e5f0-9185-8000-9baa-011c48011c48_36309</uuid>
        <description>List of undergraduate programs at UTD. </description>
        <parentUuid>_a-0000e5f0-9185-8000-9baa-011c48011c48_34273</parentUuid>
        <visibility>
            <advertise>false</advertise>
            <hierarchy>true</hierarchy>
            <indexable>true</indexable>
            <quota>false</quota>
            <searchable>true</searchable>
            <system>false</system>
            <unlogged>false</unlogged>
        </visibility>
        <typedValue>
            <type>
                <name>Text?list</name>
                <namespace>http://www.appian.com/ae/types/2009</namespace>
            </type>
            <value>
                <el>{"History", "Latin America Studies", "Literature", "Philosophy", "Visual and Performing Arts"},</el>
                <el>{"Arts"},</el>
                <el>{"Neuroscience", "Child Learning and Development", "Cognitive Science", "Psychology", "Speech, Language, and Hearing Sciences"},</el>
                <el>{"Criminology", "Economics", "Geospatial Information Sciences", "International Political Economy", "Political Science", "Public Affairs", "Public Policy", "Sociology"},</el>
                <el>{"Biomedical Engineering", "Computer Engineering", "Computer Science", "Electrical Engineering", "Mechanical Engineering", "Software Engineering"},</el>
                <el>{"American Studies", "Healthcare Studies", "Interdisciplinary Studies"},</el>
                <el>{"Accounting", "Business Administration", "Finance", "Global Business",  "Healthcare Management", "Human Resource Management", "Information Technology and Systems", "Marketing", "Supply Chain Management"}, </el>
                <el>{"Actuarial Science", "Biochemistry", "Biology", "Chemistry", "Data Science", "Geosciences", "Mathematics", "Molecular Biology", "Physics"}</el>
            </value>
        </typedValue>
        <isEnvironmentSpecific>false</isEnvironmentSpecific>
    </constant>
    <roleMap public="true">
        <role inherit="true" allowForAll="false" name="readers">
            <users/>
            <groups/>
        </role>
        <role inherit="true" allowForAll="false" name="authors">
            <users/>
            <groups/>
        </role>
        <role inherit="true" allowForAll="false" name="administrators">
            <users/>
            <groups/>
        </role>
        <role inherit="false" allowForAll="false" name="denyReaders">
            <users/>
            <groups/>
        </role>
        <role inherit="false" allowForAll="false" name="denyAuthors">
            <users/>
            <groups/>
        </role>
        <role inherit="false" allowForAll="false" name="denyAdministrators">
            <users/>
            <groups/>
        </role>
    </roleMap>
    <history>
        <historyInfo versionUuid="_a-0000e5f0-9185-8000-9baa-011c48011c48_36413"/>
    </history>
</contentHaul>
