<?xml version="1.0" encoding="UTF-8" standalone="yes"?>
<contentHaul xmlns:a="http://www.appian.com/ae/types/2009">
    <versionUuid>_a-0000e5f0-9185-8000-9baa-011c48011c48_51580</versionUuid>
    <rule>
        <name>HAP_Admissions_Summary</name>
        <uuid>_a-0000e5f0-9185-8000-9baa-011c48011c48_43395</uuid>
        <description>This interfaces displays the list of applications waiting for review.</description>
        <parentUuid>_a-0000e5f0-9185-8000-9baa-011c48011c48_34262</parentUuid>
        <visibility>
            <advertise>false</advertise>
            <hierarchy>true</hierarchy>
            <indexable>true</indexable>
            <quota>false</quota>
            <searchable>true</searchable>
            <system>false</system>
            <unlogged>false</unlogged>
        </visibility>
        <definition>{
  #"SYSTEM_SYSRULES_gridField_v1"(
    label: "Read-only Grid",
    labelPosition: "ABOVE",
    data: #"urn:appian:record-type:v1:7feb9b6b-4598-44c4-ab09-87ab8a7f5758",
    columns: {
      #"SYSTEM_SYSRULES_gridColumn"(
        label: "Application ID",
        sortField: #"urn:appian:record-field:v1:7feb9b6b-4598-44c4-ab09-87ab8a7f5758/applicationID",
        value: #"SYSTEM_SYSRULES_linkField"(
          links: {
            #"SYSTEM_SYSRULES_recordLink"(
              label: fv!row[#"urn:appian:record-field:v1:7feb9b6b-4598-44c4-ab09-87ab8a7f5758/applicant%40ID"],
              recordType: #"urn:appian:record-type:v1:abec5e10-9999-432b-9ff7-67eb3a1a2354",
              identifier: fv!row[#"urn:appian:record-field:v1:7feb9b6b-4598-44c4-ab09-87ab8a7f5758/applicant%40ID"]
            )
          }
        )
,
        align:"START"
        ),
      #"SYSTEM_SYSRULES_gridColumn"(
        label: "Program",
        sortField: #"urn:appian:record-field:v1:7feb9b6b-4598-44c4-ab09-87ab8a7f5758/program",
        value: fv!row[#"urn:appian:record-field:v1:7feb9b6b-4598-44c4-ab09-87ab8a7f5758/program"]
      ),
      #"SYSTEM_SYSRULES_gridColumn"(
        label: "Status",
        sortField: #"urn:appian:record-field:v1:7feb9b6b-4598-44c4-ab09-87ab8a7f5758/status",
        value: fv!row[#"urn:appian:record-field:v1:7feb9b6b-4598-44c4-ab09-87ab8a7f5758/status"]
      ),
      #"SYSTEM_SYSRULES_gridColumn"(
        label: "Semester",
        sortField: #"urn:appian:record-field:v1:7feb9b6b-4598-44c4-ab09-87ab8a7f5758/semester",
        value: fv!row[#"urn:appian:record-field:v1:7feb9b6b-4598-44c4-ab09-87ab8a7f5758/semester"]
      ),
      #"SYSTEM_SYSRULES_gridColumn"(
        label: "Change In Visa Status Required?",
        sortField: #"urn:appian:record-field:v1:7feb9b6b-4598-44c4-ab09-87ab8a7f5758/applicant%40requireChangeInVisaStatus",
        value: fv!row[#"urn:appian:record-field:v1:7feb9b6b-4598-44c4-ab09-87ab8a7f5758/applicant%40requireChangeInVisaStatus"]
      ),
      #"SYSTEM_SYSRULES_gridColumn"(
        label: "Application Status",
        sortField: #"urn:appian:record-field:v1:7feb9b6b-4598-44c4-ab09-87ab8a7f5758/applicationStatus",
        value: fv!row[#"urn:appian:record-field:v1:7feb9b6b-4598-44c4-ab09-87ab8a7f5758/applicationStatus"]
      ),
      #"SYSTEM_SYSRULES_gridColumn"(
        label: "Admissions Action",
        sortField: #"urn:appian:record-field:v1:7feb9b6b-4598-44c4-ab09-87ab8a7f5758/admisssionsAction",
        value: fv!row[#"urn:appian:record-field:v1:7feb9b6b-4598-44c4-ab09-87ab8a7f5758/admisssionsAction"]
      ),
      #"SYSTEM_SYSRULES_gridColumn"(
        label: "Admissions Comments",
        sortField: #"urn:appian:record-field:v1:7feb9b6b-4598-44c4-ab09-87ab8a7f5758/admissionsComments",
        value: fv!row[#"urn:appian:record-field:v1:7feb9b6b-4598-44c4-ab09-87ab8a7f5758/admissionsComments"]
      ),
      #"SYSTEM_SYSRULES_gridColumn"(
        label: "Counsellor Comments",
        sortField: #"urn:appian:record-field:v1:7feb9b6b-4598-44c4-ab09-87ab8a7f5758/counsellorComments",
        value: fv!row[#"urn:appian:record-field:v1:7feb9b6b-4598-44c4-ab09-87ab8a7f5758/counsellorComments"]
      ),
      #"SYSTEM_SYSRULES_gridColumn"(
        label: "Counsellor Action",
        sortField: #"urn:appian:record-field:v1:7feb9b6b-4598-44c4-ab09-87ab8a7f5758/counsellorAction",
        value: fv!row[#"urn:appian:record-field:v1:7feb9b6b-4598-44c4-ab09-87ab8a7f5758/counsellorAction"]
      )
    },
    validations: {},
    refreshAfter: "RECORD_ACTION",
    showSearchBox: true,
    showRefreshButton: true
  )
}</definition>
        <namedTypedValue>
            <name>applicationId</name>
            <type>
                <name>double</name>
                <namespace>http://www.w3.org/2001/XMLSchema</namespace>
            </type>
        </namedTypedValue>
        <namedTypedValue>
            <name>semester</name>
            <type>
                <name>string</name>
                <namespace>http://www.w3.org/2001/XMLSchema</namespace>
            </type>
            <value/>
        </namedTypedValue>
        <namedTypedValue>
            <name>universityGPA</name>
            <type>
                <name>double</name>
                <namespace>http://www.w3.org/2001/XMLSchema</namespace>
            </type>
        </namedTypedValue>
        <namedTypedValue>
            <name>program</name>
            <type>
                <name>string</name>
                <namespace>http://www.w3.org/2001/XMLSchema</namespace>
            </type>
            <value/>
        </namedTypedValue>
        <namedTypedValue>
            <name>school</name>
            <type>
                <name>string</name>
                <namespace>http://www.w3.org/2001/XMLSchema</namespace>
            </type>
            <value/>
        </namedTypedValue>
        <namedTypedValue>
            <name>completedDate</name>
            <type>
                <name>date</name>
                <namespace>http://www.w3.org/2001/XMLSchema</namespace>
            </type>
        </namedTypedValue>
        <namedTypedValue>
            <name>visaStatus</name>
            <type>
                <name>string</name>
                <namespace>http://www.w3.org/2001/XMLSchema</namespace>
            </type>
            <value/>
        </namedTypedValue>
        <preferredEditor>interface</preferredEditor>
        <offlineEnabled>false</offlineEnabled>
    </rule>
    <roleMap public="true">
        <role inherit="true" allowForAll="false" name="readers">
            <users/>
            <groups/>
        </role>
        <role inherit="true" allowForAll="false" name="authors">
            <users/>
            <groups/>
        </role>
        <role inherit="true" allowForAll="false" name="administrators">
            <users/>
            <groups/>
        </role>
        <role inherit="false" allowForAll="false" name="denyReaders">
            <users/>
            <groups/>
        </role>
        <role inherit="false" allowForAll="false" name="denyAuthors">
            <users/>
            <groups/>
        </role>
        <role inherit="false" allowForAll="false" name="denyAdministrators">
            <users/>
            <groups/>
        </role>
    </roleMap>
    <history>
        <historyInfo versionUuid="_a-0000e5f0-9185-8000-9baa-011c48011c48_51580"/>
    </history>
</contentHaul>
