<?xml version="1.0" encoding="UTF-8"?>
<processModelHaul>
  <versionUuid>0003e64d-18fa-8000-076b-7f0000014e7a</versionUuid>
  <folderUuid>_g-0000e5f0-9185-8000-f9bf-7f0000014e7a_223</folderUuid>
  <roleMap>
    <role name="ADMIN_OWNER">
      <users/>
      <groups>
        <groupUuid>_e-0000e5f0-9185-8000-9af7-01075c01075c_549</groupUuid>
      </groups>
    </role>
    <role name="EDITOR">
      <users/>
      <groups/>
    </role>
    <role name="EXPLICIT_NONMEMBER">
      <users/>
      <groups/>
    </role>
    <role name="VIEWER">
      <users/>
      <groups>
        <groupUuid>_e-0000e5f0-9185-8000-9af7-01075c01075c_557</groupUuid>
      </groups>
    </role>
    <role name="MANAGER">
      <users/>
      <groups/>
    </role>
    <role name="INITIATOR">
      <users/>
      <groups/>
    </role>
  </roleMap>
  <process_model_port schemaVersion="007.000.004"
    xmlns="http://www.appian.com/ae/types/2009"
    xmlns:a="http://www.appian.com/ae/types/2009"
    xmlns:xsd="http://www.w3.org/2001/XMLSchema" xmlns:xsi="http://www.w3.org/2001/XMLSchema-instance">
    <pm>
      <meta>
        <uuid><![CDATA[0002e64d-0457-8000-0751-7f0000014e7a]]></uuid>
        <name>
          <string-map>
            <pair>
              <locale country="US" lang="en" variant=""/>
              <value><![CDATA[HAP_UpdateAcceptRejectStatus_Model]]></value>
            </pair>
          </string-map>
        </name>
        <desc>
          <string-map>
            <pair>
              <locale country="US" lang="en" variant=""/>
              <value><![CDATA[updates the applicant decision]]></value>
            </pair>
          </string-map>
        </desc>
        <versionStatus>2</versionStatus>
        <process-name>
          <string-map>
            <pair>
              <locale country="US" lang="en" variant=""/>
              <value><![CDATA[HAP_UpdateAcceptRejectStatus_Model]]></value>
            </pair>
          </string-map>
        </process-name>
        <deadline>
          <enabled>false</enabled>
          <type>0</type>
          <units>0</units>
          <rex/>
          <aex/>
        </deadline>
        <pm-notification-settings>
          <custom-settings>true</custom-settings>
          <notify-initiator>false</notify-initiator>
          <notify-owner>false</notify-owner>
          <usersandgroups>
            <people>
              <type>4096</type>
              <stringId><![CDATA[_e-0000e5f0-9185-8000-9af7-01075c01075c_549]]></stringId>
            </people>
          </usersandgroups>
          <recipients-exp/>
        </pm-notification-settings>
        <cleanup-action>3</cleanup-action>
        <auto-archive-delay>7</auto-archive-delay>
        <auto-delete-delay>0</auto-delete-delay>
        <timeZoneId><![CDATA[GMT]]></timeZoneId>
        <useProcessInitiatorTimeZone>true</useProcessInitiatorTimeZone>
      </meta>
      <pvs>
        <pv name="applicationCDT">
          <a:value xmlns:n1="urn:com:appian:types.utd.af" xsi:nil="true" xsi:type="n1:HAP_Application"/>
          <parameter>true</parameter>
          <required>false</required>
          <hidden>false</hidden>
        </pv>
        <pv name="cancel">
          <a:value xsi:nil="true" xsi:type="xsd:boolean"/>
          <parameter>true</parameter>
          <required>false</required>
          <hidden>false</hidden>
        </pv>
      </pvs>
      <nodes>
        <node uuid="0000e64d-0457-8000-0751-7f0000014e7a">
          <guiId>0</guiId>
          <owner/>
          <icon id="50"/>
          <picon id="0"/>
          <fname>
            <string-map>
              <pair>
                <locale country="US" lang="en" variant=""/>
                <value><![CDATA[Start Node]]></value>
              </pair>
            </string-map>
          </fname>
          <x>140</x>
          <y>168</y>
          <display>
            <string-map>
              <pair>
                <locale country="US" lang="en" variant=""/>
                <value><![CDATA[Start Node]]></value>
              </pair>
            </string-map>
          </display>
          <desc>
            <string-map>
              <pair>
                <locale country="US" lang="en" variant=""/>
                <value/>
              </pair>
            </string-map>
          </desc>
          <notify>false</notify>
          <confirmation-url/>
          <lane>0</lane>
          <overrideLaneAssignment>false</overrideLaneAssignment>
          <ac>
            <local-id>core.0</local-id>
            <name><![CDATA[Start Node]]></name>
            <acps/>
            <custom-params/>
            <output-exprs/>
            <requires-user-interaction>true</requires-user-interaction>
            <run-as>
              <performer id="0"/>
            </run-as>
            <form-map/>
            <helper-class/>
          </ac>
          <multiple-instance/>
          <escalations/>
          <connections>
            <connection>
              <guiId>4</guiId>
              <to>4</to>
              <toObjectType>ap.gui.Node</toObjectType>
              <fromAnchor>1</fromAnchor>
              <toAnchor>3</toAnchor>
              <showArrowhead>true</showArrowhead>
              <flowLabel/>
              <label>
                <fontColor>#000000</fontColor>
                <fontFamily>Arial, Helvetica, Sans-Serif</fontFamily>
                <fontSize>12</fontSize>
                <bold>false</bold>
                <italics>false</italics>
                <underline>false</underline>
              </label>
              <associations/>
              <chained>false</chained>
              <overridesAssignment>true</overridesAssignment>
              <synchronizeData>false</synchronizeData>
            </connection>
          </connections>
          <associations/>
          <target-completion>5.0</target-completion>
          <target-lag>1.0</target-lag>
          <attachments/>
          <notes/>
          <lingering>false</lingering>
          <on-create-ignore-if-active>false</on-create-ignore-if-active>
          <on-create-delete-previous-active>false</on-create-delete-previous-active>
          <on-complete-delete-previous-completed>false</on-complete-delete-previous-completed>
          <pre-triggers/>
          <post-triggers/>
          <event-producers/>
          <exception-flow/>
          <label>
            <fontColor>#000000</fontColor>
            <fontFamily>Arial, Helvetica, Sans-Serif</fontFamily>
            <fontSize>12</fontSize>
            <bold>false</bold>
            <italics>false</italics>
            <underline>false</underline>
          </label>
          <deadline>
            <enabled>false</enabled>
            <type>0</type>
            <units>0</units>
            <rex/>
            <aex/>
          </deadline>
          <allowsBack>false</allowsBack>
          <refreshDefaultValues>false</refreshDefaultValues>
          <on-complete-keep-form-data>false</on-complete-keep-form-data>
          <skipNotification>false</skipNotification>
        </node>
        <node uuid="0001e64d-0457-8000-0751-7f0000014e7a">
          <guiId>1</guiId>
          <owner/>
          <icon id="51"/>
          <picon id="0"/>
          <fname>
            <string-map>
              <pair>
                <locale country="US" lang="en" variant=""/>
                <value><![CDATA[End Node]]></value>
              </pair>
            </string-map>
          </fname>
          <x>616</x>
          <y>168</y>
          <display>
            <string-map>
              <pair>
                <locale country="US" lang="en" variant=""/>
                <value><![CDATA[End Node]]></value>
              </pair>
            </string-map>
          </display>
          <desc>
            <string-map>
              <pair>
                <locale country="US" lang="en" variant=""/>
                <value/>
              </pair>
            </string-map>
          </desc>
          <notify>false</notify>
          <confirmation-url/>
          <lane>0</lane>
          <overrideLaneAssignment>false</overrideLaneAssignment>
          <ac>
            <local-id>core.1</local-id>
            <name><![CDATA[End Node]]></name>
            <acps>
              <acp name="pmID">
                <a:value xsi:nil="true" xsi:type="a:ProcessModel"/>
                <a:local-id>0</a:local-id>
                <a:expr/>
                <a:required>0</a:required>
                <a:editable>0</a:editable>
                <a:assign-to-pv/>
                <a:input-to-activity-class>true</a:input-to-activity-class>
                <a:hidden-from-designer>false</a:hidden-from-designer>
                <a:generated>false</a:generated>
                <a:enumeration/>
                <a:customDisplayReference/>
              </acp>
              <acp name="inMap">
                <a:value xsi:nil="true" xsi:type="a:Bean?list"/>
                <a:local-id>1</a:local-id>
                <a:expr/>
                <a:required>0</a:required>
                <a:editable>1</a:editable>
                <a:assign-to-pv/>
                <a:input-to-activity-class>true</a:input-to-activity-class>
                <a:hidden-from-designer>false</a:hidden-from-designer>
                <a:generated>false</a:generated>
                <a:enumeration/>
                <a:customDisplayReference/>
              </acp>
              <acp name="procInheritsPriority">
                <a:value xmlns="" xsi:type="xsd:int">1</a:value>
                <a:local-id>5</a:local-id>
                <a:expr/>
                <a:required>0</a:required>
                <a:editable>1</a:editable>
                <a:assign-to-pv/>
                <a:input-to-activity-class>false</a:input-to-activity-class>
                <a:hidden-from-designer>false</a:hidden-from-designer>
                <a:generated>false</a:generated>
                <a:enumeration/>
                <a:customDisplayReference/>
              </acp>
              <acp name="pmUUID">
                <a:value xsi:nil="true" xsi:type="xsd:string"/>
                <a:local-id>6</a:local-id>
                <a:expr/>
                <a:required>0</a:required>
                <a:editable>1</a:editable>
                <a:assign-to-pv/>
                <a:input-to-activity-class>true</a:input-to-activity-class>
                <a:hidden-from-designer>false</a:hidden-from-designer>
                <a:generated>false</a:generated>
                <a:enumeration/>
                <a:customDisplayReference/>
              </acp>
              <acp name="isAsynchronous">
                <a:value xmlns="" xsi:type="xsd:boolean">true</a:value>
                <a:local-id>7</a:local-id>
                <a:expr/>
                <a:required>1</a:required>
                <a:editable>0</a:editable>
                <a:assign-to-pv/>
                <a:input-to-activity-class>true</a:input-to-activity-class>
                <a:hidden-from-designer>true</a:hidden-from-designer>
                <a:generated>false</a:generated>
                <a:enumeration/>
                <a:customDisplayReference/>
              </acp>
              <acp name="isTransparent">
                <a:value xmlns="" xsi:type="xsd:boolean">true</a:value>
                <a:local-id>14</a:local-id>
                <a:expr/>
                <a:required>1</a:required>
                <a:editable>1</a:editable>
                <a:assign-to-pv/>
                <a:input-to-activity-class>true</a:input-to-activity-class>
                <a:hidden-from-designer>true</a:hidden-from-designer>
                <a:generated>false</a:generated>
                <a:enumeration/>
                <a:customDisplayReference/>
              </acp>
              <acp name="inheritSecurity">
                <a:value xmlns="" xsi:type="xsd:boolean">false</a:value>
                <a:local-id>15</a:local-id>
                <a:expr/>
                <a:required>1</a:required>
                <a:editable>1</a:editable>
                <a:assign-to-pv/>
                <a:input-to-activity-class>true</a:input-to-activity-class>
                <a:hidden-from-designer>true</a:hidden-from-designer>
                <a:generated>false</a:generated>
                <a:enumeration/>
                <a:customDisplayReference/>
              </acp>
            </acps>
            <custom-params/>
            <output-exprs/>
            <requires-user-interaction>true</requires-user-interaction>
            <run-as>
              <performer id="0"/>
            </run-as>
            <form-map/>
            <helper-class/>
          </ac>
          <multiple-instance/>
          <escalations/>
          <connections/>
          <associations/>
          <target-completion>5.0</target-completion>
          <target-lag>1.0</target-lag>
          <attachments/>
          <notes/>
          <lingering>false</lingering>
          <on-create-ignore-if-active>false</on-create-ignore-if-active>
          <on-create-delete-previous-active>false</on-create-delete-previous-active>
          <on-complete-delete-previous-completed>false</on-complete-delete-previous-completed>
          <pre-triggers/>
          <post-triggers/>
          <event-producers/>
          <exception-flow/>
          <label>
            <fontColor>#000000</fontColor>
            <fontFamily>Arial, Helvetica, Sans-Serif</fontFamily>
            <fontSize>12</fontSize>
            <bold>false</bold>
            <italics>false</italics>
            <underline>false</underline>
          </label>
          <deadline>
            <enabled>false</enabled>
            <type>0</type>
            <units>0</units>
            <rex/>
            <aex/>
          </deadline>
          <allowsBack>false</allowsBack>
          <refreshDefaultValues>false</refreshDefaultValues>
          <on-complete-keep-form-data>false</on-complete-keep-form-data>
          <skipNotification>false</skipNotification>
        </node>
        <node uuid="0001e64d-18fa-8000-076b-7f0000014e7a">
          <guiId>5</guiId>
          <owner/>
          <icon id="51"/>
          <picon id="34"/>
          <fname>
            <string-map>
              <pair>
                <locale country="US" lang="en" variant=""/>
                <value><![CDATA[End Node]]></value>
              </pair>
            </string-map>
          </fname>
          <x>252</x>
          <y>56</y>
          <display>
            <string-map>
              <pair>
                <locale country="US" lang="en" variant=""/>
                <value><![CDATA[End Node]]></value>
              </pair>
            </string-map>
          </display>
          <desc>
            <string-map>
              <pair>
                <locale country="US" lang="en" variant=""/>
                <value/>
              </pair>
            </string-map>
          </desc>
          <notify>false</notify>
          <confirmation-url/>
          <lane>0</lane>
          <overrideLaneAssignment>true</overrideLaneAssignment>
          <ac>
            <local-id>core.1</local-id>
            <name><![CDATA[End Node]]></name>
            <acps>
              <acp name="pmID">
                <a:value xsi:nil="true" xsi:type="a:ProcessModel"/>
                <a:local-id>0</a:local-id>
                <a:expr/>
                <a:required>0</a:required>
                <a:editable>0</a:editable>
                <a:assign-to-pv/>
                <a:input-to-activity-class>true</a:input-to-activity-class>
                <a:hidden-from-designer>false</a:hidden-from-designer>
                <a:generated>false</a:generated>
                <a:enumeration/>
                <a:customDisplayReference/>
              </acp>
              <acp name="inMap">
                <a:value xsi:nil="true" xsi:type="a:Bean?list"/>
                <a:local-id>1</a:local-id>
                <a:expr/>
                <a:required>0</a:required>
                <a:editable>1</a:editable>
                <a:assign-to-pv/>
                <a:input-to-activity-class>true</a:input-to-activity-class>
                <a:hidden-from-designer>false</a:hidden-from-designer>
                <a:generated>false</a:generated>
                <a:enumeration/>
                <a:customDisplayReference/>
              </acp>
              <acp name="procInheritsPriority">
                <a:value xmlns="" xsi:type="xsd:int">1</a:value>
                <a:local-id>5</a:local-id>
                <a:expr/>
                <a:required>0</a:required>
                <a:editable>1</a:editable>
                <a:assign-to-pv/>
                <a:input-to-activity-class>false</a:input-to-activity-class>
                <a:hidden-from-designer>false</a:hidden-from-designer>
                <a:generated>false</a:generated>
                <a:enumeration/>
                <a:customDisplayReference/>
              </acp>
              <acp name="pmUUID">
                <a:value xsi:nil="true" xsi:type="xsd:string"/>
                <a:local-id>6</a:local-id>
                <a:expr/>
                <a:required>0</a:required>
                <a:editable>1</a:editable>
                <a:assign-to-pv/>
                <a:input-to-activity-class>true</a:input-to-activity-class>
                <a:hidden-from-designer>false</a:hidden-from-designer>
                <a:generated>false</a:generated>
                <a:enumeration/>
                <a:customDisplayReference/>
              </acp>
              <acp name="isAsynchronous">
                <a:value xmlns="" xsi:type="xsd:boolean">true</a:value>
                <a:local-id>7</a:local-id>
                <a:expr/>
                <a:required>1</a:required>
                <a:editable>0</a:editable>
                <a:assign-to-pv/>
                <a:input-to-activity-class>true</a:input-to-activity-class>
                <a:hidden-from-designer>true</a:hidden-from-designer>
                <a:generated>false</a:generated>
                <a:enumeration/>
                <a:customDisplayReference/>
              </acp>
              <acp name="isTransparent">
                <a:value xmlns="" xsi:type="xsd:boolean">true</a:value>
                <a:local-id>14</a:local-id>
                <a:expr/>
                <a:required>1</a:required>
                <a:editable>1</a:editable>
                <a:assign-to-pv/>
                <a:input-to-activity-class>true</a:input-to-activity-class>
                <a:hidden-from-designer>true</a:hidden-from-designer>
                <a:generated>false</a:generated>
                <a:enumeration/>
                <a:customDisplayReference/>
              </acp>
              <acp name="inheritSecurity">
                <a:value xmlns="" xsi:type="xsd:boolean">false</a:value>
                <a:local-id>15</a:local-id>
                <a:expr/>
                <a:required>1</a:required>
                <a:editable>1</a:editable>
                <a:assign-to-pv/>
                <a:input-to-activity-class>true</a:input-to-activity-class>
                <a:hidden-from-designer>true</a:hidden-from-designer>
                <a:generated>false</a:generated>
                <a:enumeration/>
                <a:customDisplayReference/>
              </acp>
            </acps>
            <custom-params/>
            <output-exprs/>
            <requires-user-interaction>true</requires-user-interaction>
            <run-as>
              <performer id="0"/>
            </run-as>
            <form-map/>
            <helper-class/>
          </ac>
          <multiple-instance/>
          <escalations/>
          <connections/>
          <associations/>
          <target-completion>5.0</target-completion>
          <target-lag>1.0</target-lag>
          <attachments/>
          <notes/>
          <lingering>false</lingering>
          <on-create-ignore-if-active>false</on-create-ignore-if-active>
          <on-create-delete-previous-active>false</on-create-delete-previous-active>
          <on-complete-delete-previous-completed>false</on-complete-delete-previous-completed>
          <pre-triggers/>
          <post-triggers/>
          <event-producers/>
          <exception-flow/>
          <label>
            <fontColor>#000000</fontColor>
            <fontFamily>Arial, Helvetica, Sans-Serif</fontFamily>
            <fontSize>12</fontSize>
            <bold>false</bold>
            <italics>false</italics>
            <underline>false</underline>
          </label>
          <deadline>
            <enabled>false</enabled>
            <type>0</type>
            <units>0</units>
            <rex/>
            <aex/>
          </deadline>
          <allowsBack>false</allowsBack>
          <refreshDefaultValues>false</refreshDefaultValues>
          <on-complete-keep-form-data>false</on-complete-keep-form-data>
          <skipNotification>false</skipNotification>
        </node>
        <node uuid="0002e64d-18fa-8000-076b-7f0000014e7a">
          <guiId>4</guiId>
          <owner/>
          <icon id="58"/>
          <picon id="59"/>
          <fname>
            <string-map>
              <pair>
                <locale country="US" lang="en" variant=""/>
                <value><![CDATA[XOR]]></value>
              </pair>
            </string-map>
          </fname>
          <x>252</x>
          <y>168</y>
          <display>
            <string-map>
              <pair>
                <locale country="US" lang="en" variant=""/>
                <value><![CDATA[XOR]]></value>
              </pair>
            </string-map>
          </display>
          <desc>
            <string-map>
              <pair>
                <locale country="US" lang="en" variant=""/>
                <value><![CDATA[checks if the user cancels the session]]></value>
              </pair>
            </string-map>
          </desc>
          <notify>false</notify>
          <confirmation-url/>
          <lane>0</lane>
          <overrideLaneAssignment>true</overrideLaneAssignment>
          <ac>
            <local-id>core.4</local-id>
            <name><![CDATA[XOR]]></name>
            <acps>
              <acp name="defaultNode">
                <a:value xmlns="" xsi:type="xsd:int">2</a:value>
                <a:local-id>0</a:local-id>
                <a:expr/>
                <a:required>1</a:required>
                <a:editable>0</a:editable>
                <a:assign-to-pv/>
                <a:input-to-activity-class>true</a:input-to-activity-class>
                <a:hidden-from-designer>false</a:hidden-from-designer>
                <a:generated>false</a:generated>
                <a:enumeration/>
                <a:customDisplayReference/>
              </acp>
              <acp name="rules">
                <a:value xmlns="" xsi:type="a:Bean?list">
                  <a:acps>
                    <a:acp name="rule">
                      <a:value xsi:type="a:Bean">
                        <a:acps>
                          <a:acp name="expression">
                            <a:value xsi:nil="true" xsi:type="xsd:boolean"/>
                            <a:local-id>3</a:local-id>
                            <a:expr><![CDATA[=pv!cancel]]></a:expr>
                            <a:required>0</a:required>
                            <a:editable>1</a:editable>
                            <a:assign-to-pv/>
                            <a:input-to-activity-class>true</a:input-to-activity-class>
                            <a:hidden-from-designer>false</a:hidden-from-designer>
                            <a:generated>false</a:generated>
                            <a:enumeration/>
                            <a:customDisplayReference/>
                          </a:acp>
                          <a:acp name="node">
                            <a:value xsi:type="xsd:int">5</a:value>
                            <a:local-id>4</a:local-id>
                            <a:expr/>
                            <a:required>0</a:required>
                            <a:editable>0</a:editable>
                            <a:assign-to-pv/>
                            <a:input-to-activity-class>true</a:input-to-activity-class>
                            <a:hidden-from-designer>false</a:hidden-from-designer>
                            <a:generated>false</a:generated>
                            <a:enumeration/>
                            <a:customDisplayReference/>
                          </a:acp>
                          <a:acp name="label">
                            <a:value xsi:type="xsd:string">Yes</a:value>
                            <a:local-id>5</a:local-id>
                            <a:expr/>
                            <a:required>0</a:required>
                            <a:editable>0</a:editable>
                            <a:assign-to-pv/>
                            <a:input-to-activity-class>true</a:input-to-activity-class>
                            <a:hidden-from-designer>false</a:hidden-from-designer>
                            <a:generated>false</a:generated>
                            <a:enumeration/>
                            <a:customDisplayReference/>
                          </a:acp>
                        </a:acps>
                      </a:value>
                      <a:local-id>2</a:local-id>
                      <a:expr/>
                      <a:required>0</a:required>
                      <a:editable>0</a:editable>
                      <a:assign-to-pv/>
                      <a:input-to-activity-class>true</a:input-to-activity-class>
                      <a:hidden-from-designer>false</a:hidden-from-designer>
                      <a:generated>false</a:generated>
                      <a:enumeration/>
                      <a:customDisplayReference/>
                    </a:acp>
                  </a:acps>
                </a:value>
                <a:local-id>1</a:local-id>
                <a:expr/>
                <a:required>0</a:required>
                <a:editable>0</a:editable>
                <a:assign-to-pv/>
                <a:input-to-activity-class>true</a:input-to-activity-class>
                <a:hidden-from-designer>false</a:hidden-from-designer>
                <a:generated>false</a:generated>
                <a:enumeration/>
                <a:customDisplayReference/>
              </acp>
              <acp name="fired">
                <a:value xmlns="" xsi:type="xsd:int">0</a:value>
                <a:local-id>6</a:local-id>
                <a:expr/>
                <a:required>0</a:required>
                <a:editable>1</a:editable>
                <a:assign-to-pv/>
                <a:input-to-activity-class>false</a:input-to-activity-class>
                <a:hidden-from-designer>false</a:hidden-from-designer>
                <a:generated>false</a:generated>
                <a:enumeration/>
                <a:customDisplayReference/>
              </acp>
              <acp name="arrivedNodes">
                <a:value xsi:nil="true" xsi:type="a:Integer?list"/>
                <a:local-id>7</a:local-id>
                <a:expr/>
                <a:required>0</a:required>
                <a:editable>0</a:editable>
                <a:assign-to-pv/>
                <a:input-to-activity-class>false</a:input-to-activity-class>
                <a:hidden-from-designer>false</a:hidden-from-designer>
                <a:generated>false</a:generated>
                <a:enumeration/>
                <a:customDisplayReference/>
              </acp>
            </acps>
            <custom-params/>
            <output-exprs/>
            <requires-user-interaction>true</requires-user-interaction>
            <run-as>
              <performer id="0"/>
            </run-as>
            <form-map/>
            <helper-class/>
          </ac>
          <multiple-instance/>
          <escalations/>
          <connections>
            <connection>
              <guiId>3</guiId>
              <to>5</to>
              <toObjectType>ap.gui.Node</toObjectType>
              <fromAnchor>0</fromAnchor>
              <toAnchor>2</toAnchor>
              <showArrowhead>true</showArrowhead>
              <flowLabel><![CDATA[Yes]]></flowLabel>
              <label>
                <fontColor>#000000</fontColor>
                <fontFamily>Arial, Helvetica, Sans-Serif</fontFamily>
                <fontSize>12</fontSize>
                <bold>false</bold>
                <italics>false</italics>
                <underline>false</underline>
              </label>
              <associations/>
              <chained>false</chained>
              <overridesAssignment>true</overridesAssignment>
              <synchronizeData>false</synchronizeData>
            </connection>
            <connection>
              <guiId>7</guiId>
              <to>2</to>
              <toObjectType>ap.gui.Node</toObjectType>
              <fromAnchor>1</fromAnchor>
              <toAnchor>3</toAnchor>
              <showArrowhead>true</showArrowhead>
              <flowLabel><![CDATA[No]]></flowLabel>
              <label>
                <fontColor>#000000</fontColor>
                <fontFamily>Arial, Helvetica, Sans-Serif</fontFamily>
                <fontSize>12</fontSize>
                <bold>false</bold>
                <italics>false</italics>
                <underline>false</underline>
              </label>
              <associations/>
              <chained>false</chained>
              <overridesAssignment>true</overridesAssignment>
              <synchronizeData>false</synchronizeData>
            </connection>
          </connections>
          <associations/>
          <target-completion>5.0</target-completion>
          <target-lag>1.0</target-lag>
          <attachments/>
          <notes/>
          <lingering>false</lingering>
          <on-create-ignore-if-active>false</on-create-ignore-if-active>
          <on-create-delete-previous-active>false</on-create-delete-previous-active>
          <on-complete-delete-previous-completed>false</on-complete-delete-previous-completed>
          <pre-triggers/>
          <post-triggers/>
          <event-producers/>
          <exception-flow/>
          <label>
            <fontColor>#000000</fontColor>
            <fontFamily>Arial, Helvetica, Sans-Serif</fontFamily>
            <fontSize>12</fontSize>
            <bold>false</bold>
            <italics>false</italics>
            <underline>false</underline>
          </label>
          <deadline>
            <enabled>false</enabled>
            <type>0</type>
            <units>0</units>
            <rex/>
            <aex/>
          </deadline>
          <allowsBack>false</allowsBack>
          <refreshDefaultValues>false</refreshDefaultValues>
          <on-complete-keep-form-data>false</on-complete-keep-form-data>
          <skipNotification>false</skipNotification>
        </node>
        <node uuid="0001e64d-067f-8000-0754-7f0000014e7a">
          <guiId>2</guiId>
          <owner/>
          <icon id="998"/>
          <picon id="98"/>
          <fname>
            <string-map>
              <pair>
                <locale country="US" lang="en" variant=""/>
                <value><![CDATA[Write to Application DSE]]></value>
              </pair>
            </string-map>
          </fname>
          <x>448</x>
          <y>168</y>
          <display>
            <string-map>
              <pair>
                <locale country="US" lang="en" variant=""/>
                <value><![CDATA[Write to Application DSE]]></value>
              </pair>
            </string-map>
          </display>
          <desc>
            <string-map>
              <pair>
                <locale country="US" lang="en" variant=""/>
                <value><![CDATA[update the decision on DSE]]></value>
              </pair>
            </string-map>
          </desc>
          <notify>false</notify>
          <confirmation-url/>
          <lane>0</lane>
          <overrideLaneAssignment>false</overrideLaneAssignment>
          <ac>
            <local-id>appian.system.smart-services.write-to-data-store</local-id>
            <name><![CDATA[Write to Data Store Entity]]></name>
            <acps>
              <acp name="DataStoreEntity">
                <a:value xsi:nil="true" xsi:type="a:DataStoreEntity"/>
                <a:local-id>input-DataStoreEntity</a:local-id>
                <a:expr><![CDATA[=#"_a-0000e5f0-9185-8000-9baa-011c48011c48_49366"]]></a:expr>
                <a:required>1</a:required>
                <a:editable>1</a:editable>
                <a:assign-to-pv/>
                <a:input-to-activity-class>true</a:input-to-activity-class>
                <a:hidden-from-designer>false</a:hidden-from-designer>
                <a:generated>false</a:generated>
                <a:enumeration/>
                <a:customDisplayReference/>
              </acp>
              <acp name="StoredValues">
                <a:value xsi:nil="true" xsi:type="a:Variant?list"/>
                <a:local-id>output-StoredValues</a:local-id>
                <a:expr/>
                <a:required>0</a:required>
                <a:editable>1</a:editable>
                <a:assign-to-pv/>
                <a:input-to-activity-class>false</a:input-to-activity-class>
                <a:hidden-from-designer>false</a:hidden-from-designer>
                <a:generated>false</a:generated>
                <a:enumeration/>
                <a:customDisplayReference/>
              </acp>
            </acps>
            <custom-params>
              <acp name="writeToApplication">
                <a:value xmlns:n1="urn:com:appian:types.utd.af"
                  xsi:nil="true" xsi:type="n1:HAP_Application"/>
                <a:local-id/>
                <a:expr><![CDATA[=pv!ApplicationCDT]]></a:expr>
                <a:required>0</a:required>
                <a:editable>1</a:editable>
                <a:assign-to-pv/>
                <a:input-to-activity-class>true</a:input-to-activity-class>
                <a:hidden-from-designer>false</a:hidden-from-designer>
                <a:generated>false</a:generated>
                <a:enumeration/>
                <a:customDisplayReference/>
              </acp>
            </custom-params>
            <output-exprs>
              <el typeFlag="1"><![CDATA[applicationCDT:AC!StoredValues]]></el>
            </output-exprs>
            <requires-user-interaction>true</requires-user-interaction>
            <run-as>
              <performer id="0"/>
            </run-as>
            <form-map>
              <pair>
                <locale country="US" lang="en" variant=""/>
                <form-config>
                  <form>
                    <type>3</type>
                    <enabled>true</enabled>
                    <dynamic-form>
                      <form-elements>
                        <form-element>
                          <label><![CDATA[Question1]]></label>
                          <instructions/>
                          <editable>true</editable>
                          <hidden>false</hidden>
                          <multiple>false</multiple>
                          <required>false</required>
                          <type>2</type>
                          <options/>
                          <name><![CDATA[Question1]]></name>
                          <mapped-to><![CDATA[writeToApplication]]></mapped-to>
                          <value/>
                          <extra><![CDATA[{}]]></extra>
                        </form-element>
                      </form-elements>
                    </dynamic-form>
                    <uiExpressionForm>
                      <expression><![CDATA[=/*41707069616E-GEN-DEBUG*/=a!formLayout(
  buttons: a!buttonLayout(
    primaryButtons: {
      a!buttonWidgetSubmit(
        label: "OK",
        style: "PRIMARY"
      )
    }
  ))]]></expression>
                    </uiExpressionForm>
                    <hiddenSections>16</hiddenSections>
                  </form>
                </form-config>
              </pair>
            </form-map>
            <helper-class/>
          </ac>
          <multiple-instance/>
          <escalations/>
          <connections>
            <connection>
              <guiId>2</guiId>
              <to>1</to>
              <toObjectType>ap.gui.Node</toObjectType>
              <fromAnchor>1</fromAnchor>
              <toAnchor>3</toAnchor>
              <showArrowhead>true</showArrowhead>
              <flowLabel/>
              <label>
                <fontColor>#000000</fontColor>
                <fontFamily>Arial, Helvetica, Sans-Serif</fontFamily>
                <fontSize>12</fontSize>
                <bold>false</bold>
                <italics>false</italics>
                <underline>false</underline>
              </label>
              <associations/>
              <chained>false</chained>
              <overridesAssignment>true</overridesAssignment>
              <synchronizeData>false</synchronizeData>
            </connection>
          </connections>
          <associations/>
          <target-completion>5.0</target-completion>
          <target-lag>1.0</target-lag>
          <attachments/>
          <notes/>
          <lingering>false</lingering>
          <on-create-ignore-if-active>false</on-create-ignore-if-active>
          <on-create-delete-previous-active>false</on-create-delete-previous-active>
          <on-complete-delete-previous-completed>false</on-complete-delete-previous-completed>
          <pre-triggers/>
          <post-triggers/>
          <event-producers/>
          <exception-flow/>
          <label>
            <fontColor>#000000</fontColor>
            <fontFamily>Arial, Helvetica, Sans-Serif</fontFamily>
            <fontSize>12</fontSize>
            <bold>false</bold>
            <italics>false</italics>
            <underline>false</underline>
          </label>
          <deadline>
            <enabled>false</enabled>
            <type>0</type>
            <units>0</units>
            <rex/>
            <aex/>
          </deadline>
          <allowsBack>false</allowsBack>
          <refreshDefaultValues>false</refreshDefaultValues>
          <on-complete-keep-form-data>false</on-complete-keep-form-data>
          <skipNotification>false</skipNotification>
        </node>
      </nodes>
      <annotations/>
      <lanes>
        <lane>
          <laneLabel><![CDATA[System]]></laneLabel>
          <dimension>333</dimension>
          <color>#00CC33</color>
          <isVertical>false</isVertical>
          <isLaneAssignment>false</isLaneAssignment>
          <assignments>
            <assignment-function/>
            <position>0</position>
            <accept-mode>1</accept-mode>
          </assignments>
          <unattended>0</unattended>
          <runAs>0</runAs>
          <label>
            <fontColor>#000000</fontColor>
            <fontFamily>Arial, Helvetica, Sans-Serif</fontFamily>
            <fontSize>12</fontSize>
            <bold>true</bold>
            <italics>false</italics>
            <underline>false</underline>
          </label>
        </lane>
      </lanes>
      <attachments/>
      <notes/>
      <priority id="1"/>
      <form-map>
        <pair>
          <locale country="US" lang="en" variant=""/>
          <form-config>
            <form>
              <type>3</type>
              <enabled>true</enabled>
              <dynamic-form>
                <form-elements/>
              </dynamic-form>
              <uiExpressionForm>
                <expression><![CDATA[/*41707069616E-GEN*/#"_a-0000e5f0-9185-8000-9baa-011c48011c48_51673"(
	HAP_Application: pv!applicationCDT,
	cancel: pv!cancel
)]]></expression>
              </uiExpressionForm>
              <interfaceInformation>
                <name>HAP_AcceptAdmitForm</name>
                <uuid>_a-0000e5f0-9185-8000-9baa-011c48011c48_51673</uuid>
                <ruleInputs>
                  <ruleInput>
                    <name>HAP_Application</name>
                    <typeQName>{urn:com:appian:types.utd.af}HAP_Application</typeQName>
                    <value><![CDATA[pv!applicationCDT]]></value>
                  </ruleInput>
                  <ruleInput>
                    <name>cancel</name>
                    <typeQName>{http://www.appian.com/ae/types/2009}Boolean</typeQName>
                    <value><![CDATA[pv!cancel]]></value>
                  </ruleInput>
                </ruleInputs>
              </interfaceInformation>
              <hiddenSections>16</hiddenSections>
            </form>
          </form-config>
        </pair>
      </form-map>
      <isPublic>false</isPublic>
    </pm>
  </process_model_port>
  <isPublished>true</isPublished>
  <history>
    <historyInfo versionUuid="0003e64d-18fa-8000-076b-7f0000014e7a"/>
  </history>
</processModelHaul>
