<?xml version="1.0" encoding="UTF-8"?>
<processModelHaul>
  <versionUuid>0001e64a-f30a-8000-059f-7f0000014e7a</versionUuid>
  <folderUuid>_g-0000e5f0-9185-8000-f9bf-7f0000014e7a_223</folderUuid>
  <roleMap>
    <role name="ADMIN_OWNER">
      <users/>
      <groups>
        <groupUuid>_e-0000e5f0-9185-8000-9af7-01075c01075c_549</groupUuid>
      </groups>
    </role>
    <role name="EDITOR">
      <users/>
      <groups/>
    </role>
    <role name="EXPLICIT_NONMEMBER">
      <users/>
      <groups/>
    </role>
    <role name="VIEWER">
      <users/>
      <groups>
        <groupUuid>_e-0000e5f0-9185-8000-9af7-01075c01075c_557</groupUuid>
      </groups>
    </role>
    <role name="MANAGER">
      <users/>
      <groups/>
    </role>
    <role name="INITIATOR">
      <users/>
      <groups/>
    </role>
  </roleMap>
  <process_model_port schemaVersion="007.000.004"
    xmlns="http://www.appian.com/ae/types/2009"
    xmlns:a="http://www.appian.com/ae/types/2009"
    xmlns:xsd="http://www.w3.org/2001/XMLSchema" xmlns:xsi="http://www.w3.org/2001/XMLSchema-instance">
    <pm>
      <meta>
        <uuid><![CDATA[0002e649-992f-8000-04bc-7f0000014e7a]]></uuid>
        <name>
          <string-map>
            <pair>
              <locale country="US" lang="en" variant=""/>
              <value><![CDATA[HAP_SubProcess_WriteToDSE]]></value>
            </pair>
          </string-map>
        </name>
        <desc>
          <string-map>
            <pair>
              <locale country="US" lang="en" variant=""/>
              <value><![CDATA[Sub-process used to write applicant information to the database.]]></value>
            </pair>
          </string-map>
        </desc>
        <versionStatus>2</versionStatus>
        <process-name>
          <string-map>
            <pair>
              <locale country="US" lang="en" variant=""/>
              <value><![CDATA[HAP_SubProcess_WriteToDSE]]></value>
            </pair>
          </string-map>
        </process-name>
        <deadline>
          <enabled>false</enabled>
          <type>0</type>
          <units>0</units>
          <rex/>
          <aex/>
        </deadline>
        <pm-notification-settings>
          <custom-settings>true</custom-settings>
          <notify-initiator>false</notify-initiator>
          <notify-owner>false</notify-owner>
          <usersandgroups>
            <people>
              <type>4096</type>
              <stringId><![CDATA[_e-0000e5f0-9185-8000-9af7-01075c01075c_549]]></stringId>
            </people>
          </usersandgroups>
          <recipients-exp/>
        </pm-notification-settings>
        <cleanup-action>3</cleanup-action>
        <auto-archive-delay>7</auto-archive-delay>
        <auto-delete-delay>0</auto-delete-delay>
        <timeZoneId><![CDATA[GMT]]></timeZoneId>
        <useProcessInitiatorTimeZone>true</useProcessInitiatorTimeZone>
      </meta>
      <pvs>
        <pv name="academicBackgroundCDT">
          <a:value xmlns:n1="urn:com:appian:types" xsi:nil="true" xsi:type="n1:HAP_Academic_Background"/>
          <parameter>true</parameter>
          <required>false</required>
          <hidden>false</hidden>
        </pv>
        <pv name="applicantCDT">
          <a:value xmlns:n1="urn:com:appian:types.utd.af" xsi:nil="true" xsi:type="n1:HAP_Applicant"/>
          <parameter>true</parameter>
          <required>false</required>
          <hidden>false</hidden>
        </pv>
        <pv name="applicationCDT">
          <a:value xmlns:n1="urn:com:appian:types.utd.af" xsi:nil="true" xsi:type="n1:HAP_Application"/>
          <parameter>true</parameter>
          <required>false</required>
          <hidden>false</hidden>
        </pv>
        <pv name="examScoreCDT">
          <a:value xmlns:n1="urn:com:appian:types" xsi:nil="true" xsi:type="n1:HAP_Exam_Scores"/>
          <parameter>true</parameter>
          <required>false</required>
          <hidden>false</hidden>
        </pv>
      </pvs>
      <nodes>
        <node uuid="0000e649-992f-8000-04bc-7f0000014e7a">
          <guiId>0</guiId>
          <owner/>
          <icon id="50"/>
          <picon id="0"/>
          <fname>
            <string-map>
              <pair>
                <locale country="US" lang="en" variant=""/>
                <value><![CDATA[Start Node]]></value>
              </pair>
            </string-map>
          </fname>
          <x>112</x>
          <y>168</y>
          <display>
            <string-map>
              <pair>
                <locale country="US" lang="en" variant=""/>
                <value><![CDATA[Start Node]]></value>
              </pair>
            </string-map>
          </display>
          <desc>
            <string-map>
              <pair>
                <locale country="US" lang="en" variant=""/>
                <value/>
              </pair>
            </string-map>
          </desc>
          <notify>false</notify>
          <confirmation-url/>
          <lane>0</lane>
          <overrideLaneAssignment>false</overrideLaneAssignment>
          <ac>
            <local-id>core.0</local-id>
            <name><![CDATA[Start Node]]></name>
            <acps/>
            <custom-params/>
            <output-exprs/>
            <requires-user-interaction>true</requires-user-interaction>
            <run-as>
              <performer id="0"/>
            </run-as>
            <form-map/>
            <helper-class/>
          </ac>
          <multiple-instance/>
          <escalations/>
          <connections>
            <connection>
              <guiId>14</guiId>
              <to>13</to>
              <toObjectType>ap.gui.Node</toObjectType>
              <fromAnchor>1</fromAnchor>
              <toAnchor>3</toAnchor>
              <showArrowhead>true</showArrowhead>
              <flowLabel/>
              <label>
                <fontColor>#000000</fontColor>
                <fontFamily>Arial, Helvetica, Sans-Serif</fontFamily>
                <fontSize>12</fontSize>
                <bold>false</bold>
                <italics>false</italics>
                <underline>false</underline>
              </label>
              <associations/>
              <chained>false</chained>
              <overridesAssignment>true</overridesAssignment>
              <synchronizeData>false</synchronizeData>
            </connection>
          </connections>
          <associations/>
          <target-completion>5.0</target-completion>
          <target-lag>1.0</target-lag>
          <attachments/>
          <notes/>
          <lingering>false</lingering>
          <on-create-ignore-if-active>false</on-create-ignore-if-active>
          <on-create-delete-previous-active>false</on-create-delete-previous-active>
          <on-complete-delete-previous-completed>false</on-complete-delete-previous-completed>
          <pre-triggers/>
          <post-triggers/>
          <event-producers/>
          <exception-flow/>
          <label>
            <fontColor>#000000</fontColor>
            <fontFamily>Arial, Helvetica, Sans-Serif</fontFamily>
            <fontSize>12</fontSize>
            <bold>false</bold>
            <italics>false</italics>
            <underline>false</underline>
          </label>
          <deadline>
            <enabled>false</enabled>
            <type>0</type>
            <units>0</units>
            <rex/>
            <aex/>
          </deadline>
          <allowsBack>false</allowsBack>
          <refreshDefaultValues>false</refreshDefaultValues>
          <on-complete-keep-form-data>false</on-complete-keep-form-data>
          <skipNotification>false</skipNotification>
        </node>
        <node uuid="0001e649-992f-8000-04bc-7f0000014e7a">
          <guiId>1</guiId>
          <owner/>
          <icon id="51"/>
          <picon id="0"/>
          <fname>
            <string-map>
              <pair>
                <locale country="US" lang="en" variant=""/>
                <value><![CDATA[End Node]]></value>
              </pair>
            </string-map>
          </fname>
          <x>924</x>
          <y>168</y>
          <display>
            <string-map>
              <pair>
                <locale country="US" lang="en" variant=""/>
                <value><![CDATA[End Node]]></value>
              </pair>
            </string-map>
          </display>
          <desc>
            <string-map>
              <pair>
                <locale country="US" lang="en" variant=""/>
                <value/>
              </pair>
            </string-map>
          </desc>
          <notify>false</notify>
          <confirmation-url/>
          <lane>0</lane>
          <overrideLaneAssignment>false</overrideLaneAssignment>
          <ac>
            <local-id>core.1</local-id>
            <name><![CDATA[End Node]]></name>
            <acps>
              <acp name="pmID">
                <a:value xsi:nil="true" xsi:type="a:ProcessModel"/>
                <a:local-id>0</a:local-id>
                <a:expr/>
                <a:required>0</a:required>
                <a:editable>0</a:editable>
                <a:assign-to-pv/>
                <a:input-to-activity-class>true</a:input-to-activity-class>
                <a:hidden-from-designer>false</a:hidden-from-designer>
                <a:generated>false</a:generated>
                <a:enumeration/>
                <a:customDisplayReference/>
              </acp>
              <acp name="inMap">
                <a:value xsi:nil="true" xsi:type="a:Bean?list"/>
                <a:local-id>1</a:local-id>
                <a:expr/>
                <a:required>0</a:required>
                <a:editable>1</a:editable>
                <a:assign-to-pv/>
                <a:input-to-activity-class>true</a:input-to-activity-class>
                <a:hidden-from-designer>false</a:hidden-from-designer>
                <a:generated>false</a:generated>
                <a:enumeration/>
                <a:customDisplayReference/>
              </acp>
              <acp name="procInheritsPriority">
                <a:value xmlns="" xsi:type="xsd:int">1</a:value>
                <a:local-id>5</a:local-id>
                <a:expr/>
                <a:required>0</a:required>
                <a:editable>1</a:editable>
                <a:assign-to-pv/>
                <a:input-to-activity-class>false</a:input-to-activity-class>
                <a:hidden-from-designer>false</a:hidden-from-designer>
                <a:generated>false</a:generated>
                <a:enumeration/>
                <a:customDisplayReference/>
              </acp>
              <acp name="pmUUID">
                <a:value xsi:nil="true" xsi:type="xsd:string"/>
                <a:local-id>6</a:local-id>
                <a:expr/>
                <a:required>0</a:required>
                <a:editable>1</a:editable>
                <a:assign-to-pv/>
                <a:input-to-activity-class>true</a:input-to-activity-class>
                <a:hidden-from-designer>false</a:hidden-from-designer>
                <a:generated>false</a:generated>
                <a:enumeration/>
                <a:customDisplayReference/>
              </acp>
              <acp name="isAsynchronous">
                <a:value xmlns="" xsi:type="xsd:boolean">true</a:value>
                <a:local-id>7</a:local-id>
                <a:expr/>
                <a:required>1</a:required>
                <a:editable>0</a:editable>
                <a:assign-to-pv/>
                <a:input-to-activity-class>true</a:input-to-activity-class>
                <a:hidden-from-designer>true</a:hidden-from-designer>
                <a:generated>false</a:generated>
                <a:enumeration/>
                <a:customDisplayReference/>
              </acp>
              <acp name="isTransparent">
                <a:value xmlns="" xsi:type="xsd:boolean">true</a:value>
                <a:local-id>14</a:local-id>
                <a:expr/>
                <a:required>1</a:required>
                <a:editable>1</a:editable>
                <a:assign-to-pv/>
                <a:input-to-activity-class>true</a:input-to-activity-class>
                <a:hidden-from-designer>true</a:hidden-from-designer>
                <a:generated>false</a:generated>
                <a:enumeration/>
                <a:customDisplayReference/>
              </acp>
              <acp name="inheritSecurity">
                <a:value xmlns="" xsi:type="xsd:boolean">false</a:value>
                <a:local-id>15</a:local-id>
                <a:expr/>
                <a:required>1</a:required>
                <a:editable>1</a:editable>
                <a:assign-to-pv/>
                <a:input-to-activity-class>true</a:input-to-activity-class>
                <a:hidden-from-designer>true</a:hidden-from-designer>
                <a:generated>false</a:generated>
                <a:enumeration/>
                <a:customDisplayReference/>
              </acp>
            </acps>
            <custom-params/>
            <output-exprs/>
            <requires-user-interaction>true</requires-user-interaction>
            <run-as>
              <performer id="0"/>
            </run-as>
            <form-map/>
            <helper-class/>
          </ac>
          <multiple-instance/>
          <escalations/>
          <connections/>
          <associations/>
          <target-completion>5.0</target-completion>
          <target-lag>1.0</target-lag>
          <attachments/>
          <notes/>
          <lingering>false</lingering>
          <on-create-ignore-if-active>false</on-create-ignore-if-active>
          <on-create-delete-previous-active>false</on-create-delete-previous-active>
          <on-complete-delete-previous-completed>false</on-complete-delete-previous-completed>
          <pre-triggers/>
          <post-triggers/>
          <event-producers/>
          <exception-flow/>
          <label>
            <fontColor>#000000</fontColor>
            <fontFamily>Arial, Helvetica, Sans-Serif</fontFamily>
            <fontSize>12</fontSize>
            <bold>false</bold>
            <italics>false</italics>
            <underline>false</underline>
          </label>
          <deadline>
            <enabled>false</enabled>
            <type>0</type>
            <units>0</units>
            <rex/>
            <aex/>
          </deadline>
          <allowsBack>false</allowsBack>
          <refreshDefaultValues>false</refreshDefaultValues>
          <on-complete-keep-form-data>false</on-complete-keep-form-data>
          <skipNotification>false</skipNotification>
        </node>
        <node uuid="0001e64a-e5c8-8000-0570-7f0000014e7a">
          <guiId>2</guiId>
          <owner/>
          <icon id="998"/>
          <picon id="98"/>
          <fname>
            <string-map>
              <pair>
                <locale country="US" lang="en" variant=""/>
                <value><![CDATA[Write to Applicant DSE]]></value>
              </pair>
            </string-map>
          </fname>
          <x>336</x>
          <y>168</y>
          <display>
            <string-map>
              <pair>
                <locale country="US" lang="en" variant=""/>
                <value><![CDATA[Write to Applicant DSE]]></value>
              </pair>
            </string-map>
          </display>
          <desc>
            <string-map>
              <pair>
                <locale country="US" lang="en" variant=""/>
                <value><![CDATA[Writes the data from Applicant CDT to Applicant DSE]]></value>
              </pair>
            </string-map>
          </desc>
          <notify>false</notify>
          <confirmation-url/>
          <lane>0</lane>
          <overrideLaneAssignment>false</overrideLaneAssignment>
          <ac>
            <local-id>appian.system.smart-services.write-to-data-store</local-id>
            <name><![CDATA[Write to Data Store Entity]]></name>
            <acps>
              <acp name="DataStoreEntity">
                <a:value
                  a:id="5c0ccf59-76bb-4c44-88ab-146fc3de6079@_a-0000e5f0-9185-8000-9baa-011c48011c48_34225"
                  xmlns="" xsi:type="a:DataStoreEntity"/>
                <a:local-id>input-DataStoreEntity</a:local-id>
                <a:expr/>
                <a:required>1</a:required>
                <a:editable>1</a:editable>
                <a:assign-to-pv/>
                <a:input-to-activity-class>true</a:input-to-activity-class>
                <a:hidden-from-designer>false</a:hidden-from-designer>
                <a:generated>false</a:generated>
                <a:enumeration/>
                <a:customDisplayReference/>
              </acp>
              <acp name="StoredValues">
                <a:value xsi:nil="true" xsi:type="a:Variant?list"/>
                <a:local-id>output-StoredValues</a:local-id>
                <a:expr/>
                <a:required>0</a:required>
                <a:editable>1</a:editable>
                <a:assign-to-pv/>
                <a:input-to-activity-class>false</a:input-to-activity-class>
                <a:hidden-from-designer>false</a:hidden-from-designer>
                <a:generated>false</a:generated>
                <a:enumeration/>
                <a:customDisplayReference/>
              </acp>
            </acps>
            <custom-params>
              <acp name="WriteToApplicant">
                <a:value xmlns:n1="urn:com:appian:types.utd.af"
                  xsi:nil="true" xsi:type="n1:HAP_Applicant"/>
                <a:local-id/>
                <a:expr><![CDATA[=pv!applicantCDT]]></a:expr>
                <a:required>0</a:required>
                <a:editable>1</a:editable>
                <a:assign-to-pv/>
                <a:input-to-activity-class>true</a:input-to-activity-class>
                <a:hidden-from-designer>false</a:hidden-from-designer>
                <a:generated>false</a:generated>
                <a:enumeration/>
                <a:customDisplayReference/>
              </acp>
            </custom-params>
            <output-exprs>
              <el typeFlag="1"><![CDATA[applicantCDT:AC!StoredValues]]></el>
            </output-exprs>
            <requires-user-interaction>true</requires-user-interaction>
            <run-as>
              <performer id="0"/>
            </run-as>
            <form-map>
              <pair>
                <locale country="US" lang="en" variant=""/>
                <form-config>
                  <form>
                    <type>3</type>
                    <enabled>true</enabled>
                    <dynamic-form>
                      <form-elements>
                        <form-element>
                          <label><![CDATA[Question1]]></label>
                          <instructions/>
                          <editable>true</editable>
                          <hidden>false</hidden>
                          <multiple>false</multiple>
                          <required>false</required>
                          <type>2</type>
                          <options/>
                          <name><![CDATA[Question1]]></name>
                          <mapped-to><![CDATA[WriteToApplicant]]></mapped-to>
                          <value/>
                          <extra><![CDATA[{}]]></extra>
                        </form-element>
                      </form-elements>
                    </dynamic-form>
                    <uiExpressionForm>
                      <expression><![CDATA[=/*41707069616E-GEN-DEBUG*/=a!formLayout(
  buttons: a!buttonLayout(
    primaryButtons: {
      a!buttonWidgetSubmit(
        label: "OK",
        style: "PRIMARY"
      )
    }
  ))]]></expression>
                    </uiExpressionForm>
                    <hiddenSections>16</hiddenSections>
                  </form>
                </form-config>
              </pair>
            </form-map>
            <helper-class/>
          </ac>
          <multiple-instance/>
          <escalations/>
          <connections>
            <connection>
              <guiId>5</guiId>
              <to>4</to>
              <toObjectType>ap.gui.Node</toObjectType>
              <fromAnchor>1</fromAnchor>
              <toAnchor>3</toAnchor>
              <showArrowhead>true</showArrowhead>
              <flowLabel/>
              <label>
                <fontColor>#000000</fontColor>
                <fontFamily>Arial, Helvetica, Sans-Serif</fontFamily>
                <fontSize>12</fontSize>
                <bold>false</bold>
                <italics>false</italics>
                <underline>false</underline>
              </label>
              <associations/>
              <chained>false</chained>
              <overridesAssignment>true</overridesAssignment>
              <synchronizeData>false</synchronizeData>
            </connection>
          </connections>
          <associations/>
          <target-completion>5.0</target-completion>
          <target-lag>1.0</target-lag>
          <attachments/>
          <notes/>
          <lingering>false</lingering>
          <on-create-ignore-if-active>false</on-create-ignore-if-active>
          <on-create-delete-previous-active>false</on-create-delete-previous-active>
          <on-complete-delete-previous-completed>false</on-complete-delete-previous-completed>
          <pre-triggers/>
          <post-triggers/>
          <event-producers/>
          <exception-flow/>
          <label>
            <fontColor>#000000</fontColor>
            <fontFamily>Arial, Helvetica, Sans-Serif</fontFamily>
            <fontSize>12</fontSize>
            <bold>false</bold>
            <italics>false</italics>
            <underline>false</underline>
          </label>
          <deadline>
            <enabled>false</enabled>
            <type>0</type>
            <units>0</units>
            <rex/>
            <aex/>
          </deadline>
          <allowsBack>false</allowsBack>
          <refreshDefaultValues>false</refreshDefaultValues>
          <on-complete-keep-form-data>false</on-complete-keep-form-data>
          <skipNotification>false</skipNotification>
        </node>
        <node uuid="0004e64a-e5c8-8000-0570-7f0000014e7a">
          <guiId>10</guiId>
          <owner/>
          <icon id="998"/>
          <picon id="98"/>
          <fname>
            <string-map>
              <pair>
                <locale country="US" lang="en" variant=""/>
                <value><![CDATA[Write to ExamScores DSE]]></value>
              </pair>
            </string-map>
          </fname>
          <x>784</x>
          <y>168</y>
          <display>
            <string-map>
              <pair>
                <locale country="US" lang="en" variant=""/>
                <value><![CDATA[Write to ExamScores DSE]]></value>
              </pair>
            </string-map>
          </display>
          <desc>
            <string-map>
              <pair>
                <locale country="US" lang="en" variant=""/>
                <value><![CDATA[Writes the data from Exam Scores CDT to Exam Scores DSE]]></value>
              </pair>
            </string-map>
          </desc>
          <notify>false</notify>
          <confirmation-url/>
          <lane>0</lane>
          <overrideLaneAssignment>false</overrideLaneAssignment>
          <ac>
            <local-id>appian.system.smart-services.write-to-data-store</local-id>
            <name><![CDATA[Write to Data Store Entity]]></name>
            <acps>
              <acp name="DataStoreEntity">
                <a:value
                  a:id="a6f000b6-4ef7-4fba-a0a4-1a4a165c978b@_a-0000e5f0-9185-8000-9baa-011c48011c48_34225"
                  xmlns="" xsi:type="a:DataStoreEntity"/>
                <a:local-id>input-DataStoreEntity</a:local-id>
                <a:expr/>
                <a:required>1</a:required>
                <a:editable>1</a:editable>
                <a:assign-to-pv/>
                <a:input-to-activity-class>true</a:input-to-activity-class>
                <a:hidden-from-designer>false</a:hidden-from-designer>
                <a:generated>false</a:generated>
                <a:enumeration/>
                <a:customDisplayReference/>
              </acp>
              <acp name="StoredValues">
                <a:value xsi:nil="true" xsi:type="a:Variant?list"/>
                <a:local-id>output-StoredValues</a:local-id>
                <a:expr/>
                <a:required>0</a:required>
                <a:editable>1</a:editable>
                <a:assign-to-pv/>
                <a:input-to-activity-class>false</a:input-to-activity-class>
                <a:hidden-from-designer>false</a:hidden-from-designer>
                <a:generated>false</a:generated>
                <a:enumeration/>
                <a:customDisplayReference/>
              </acp>
            </acps>
            <custom-params>
              <acp name="WriteToExamscores">
                <a:value xmlns:n1="urn:com:appian:types" xsi:nil="true" xsi:type="n1:HAP_Exam_Scores"/>
                <a:local-id/>
                <a:expr><![CDATA[=pv!examScoreCDT]]></a:expr>
                <a:required>0</a:required>
                <a:editable>1</a:editable>
                <a:assign-to-pv/>
                <a:input-to-activity-class>true</a:input-to-activity-class>
                <a:hidden-from-designer>false</a:hidden-from-designer>
                <a:generated>false</a:generated>
                <a:enumeration/>
                <a:customDisplayReference/>
              </acp>
            </custom-params>
            <output-exprs>
              <el typeFlag="1"><![CDATA[examScoreCDT:AC!StoredValues]]></el>
            </output-exprs>
            <requires-user-interaction>true</requires-user-interaction>
            <run-as>
              <performer id="0"/>
            </run-as>
            <form-map>
              <pair>
                <locale country="US" lang="en" variant=""/>
                <form-config>
                  <form>
                    <type>3</type>
                    <enabled>true</enabled>
                    <dynamic-form>
                      <form-elements>
                        <form-element>
                          <label><![CDATA[Question1]]></label>
                          <instructions/>
                          <editable>true</editable>
                          <hidden>false</hidden>
                          <multiple>false</multiple>
                          <required>false</required>
                          <type>2</type>
                          <options/>
                          <name><![CDATA[Question1]]></name>
                          <mapped-to><![CDATA[WriteToExamscores]]></mapped-to>
                          <value/>
                          <extra><![CDATA[{}]]></extra>
                        </form-element>
                      </form-elements>
                    </dynamic-form>
                    <uiExpressionForm>
                      <expression><![CDATA[=/*41707069616E-GEN-DEBUG*/=a!formLayout(
  buttons: a!buttonLayout(
    primaryButtons: {
      a!buttonWidgetSubmit(
        label: "OK",
        style: "PRIMARY"
      )
    }
  ))]]></expression>
                    </uiExpressionForm>
                    <hiddenSections>16</hiddenSections>
                  </form>
                </form-config>
              </pair>
            </form-map>
            <helper-class/>
          </ac>
          <multiple-instance/>
          <escalations/>
          <connections>
            <connection>
              <guiId>12</guiId>
              <to>1</to>
              <toObjectType>ap.gui.Node</toObjectType>
              <fromAnchor>1</fromAnchor>
              <toAnchor>3</toAnchor>
              <showArrowhead>true</showArrowhead>
              <flowLabel/>
              <label>
                <fontColor>#000000</fontColor>
                <fontFamily>Arial, Helvetica, Sans-Serif</fontFamily>
                <fontSize>12</fontSize>
                <bold>false</bold>
                <italics>false</italics>
                <underline>false</underline>
              </label>
              <associations/>
              <chained>false</chained>
              <overridesAssignment>true</overridesAssignment>
              <synchronizeData>false</synchronizeData>
            </connection>
          </connections>
          <associations/>
          <target-completion>5.0</target-completion>
          <target-lag>1.0</target-lag>
          <attachments/>
          <notes/>
          <lingering>false</lingering>
          <on-create-ignore-if-active>false</on-create-ignore-if-active>
          <on-create-delete-previous-active>false</on-create-delete-previous-active>
          <on-complete-delete-previous-completed>false</on-complete-delete-previous-completed>
          <pre-triggers/>
          <post-triggers/>
          <event-producers/>
          <exception-flow/>
          <label>
            <fontColor>#000000</fontColor>
            <fontFamily>Arial, Helvetica, Sans-Serif</fontFamily>
            <fontSize>12</fontSize>
            <bold>false</bold>
            <italics>false</italics>
            <underline>false</underline>
          </label>
          <deadline>
            <enabled>false</enabled>
            <type>0</type>
            <units>0</units>
            <rex/>
            <aex/>
          </deadline>
          <allowsBack>false</allowsBack>
          <refreshDefaultValues>false</refreshDefaultValues>
          <on-complete-keep-form-data>false</on-complete-keep-form-data>
          <skipNotification>false</skipNotification>
        </node>
        <node uuid="0003e64a-e5c8-8000-0570-7f0000014e7a">
          <guiId>7</guiId>
          <owner/>
          <icon id="998"/>
          <picon id="98"/>
          <fname>
            <string-map>
              <pair>
                <locale country="US" lang="en" variant=""/>
                <value><![CDATA[Write to Academics DSE]]></value>
              </pair>
            </string-map>
          </fname>
          <x>616</x>
          <y>168</y>
          <display>
            <string-map>
              <pair>
                <locale country="US" lang="en" variant=""/>
                <value><![CDATA[Write to Academics DSE]]></value>
              </pair>
            </string-map>
          </display>
          <desc>
            <string-map>
              <pair>
                <locale country="US" lang="en" variant=""/>
                <value><![CDATA[Writes the data from Academics CDT to Academics DSE]]></value>
              </pair>
            </string-map>
          </desc>
          <notify>false</notify>
          <confirmation-url/>
          <lane>0</lane>
          <overrideLaneAssignment>false</overrideLaneAssignment>
          <ac>
            <local-id>appian.system.smart-services.write-to-data-store</local-id>
            <name><![CDATA[Write to Data Store Entity]]></name>
            <acps>
              <acp name="DataStoreEntity">
                <a:value
                  a:id="fc3de242-7a68-49c1-a8ce-3055b535b2a7@_a-0000e5f0-9185-8000-9baa-011c48011c48_34225"
                  xmlns="" xsi:type="a:DataStoreEntity"/>
                <a:local-id>input-DataStoreEntity</a:local-id>
                <a:expr/>
                <a:required>1</a:required>
                <a:editable>1</a:editable>
                <a:assign-to-pv/>
                <a:input-to-activity-class>true</a:input-to-activity-class>
                <a:hidden-from-designer>false</a:hidden-from-designer>
                <a:generated>false</a:generated>
                <a:enumeration/>
                <a:customDisplayReference/>
              </acp>
              <acp name="StoredValues">
                <a:value xsi:nil="true" xsi:type="a:Variant?list"/>
                <a:local-id>output-StoredValues</a:local-id>
                <a:expr/>
                <a:required>0</a:required>
                <a:editable>1</a:editable>
                <a:assign-to-pv/>
                <a:input-to-activity-class>false</a:input-to-activity-class>
                <a:hidden-from-designer>false</a:hidden-from-designer>
                <a:generated>false</a:generated>
                <a:enumeration/>
                <a:customDisplayReference/>
              </acp>
            </acps>
            <custom-params>
              <acp name="WriteToAcademics">
                <a:value xmlns:n1="urn:com:appian:types" xsi:nil="true" xsi:type="n1:HAP_Academic_Background"/>
                <a:local-id/>
                <a:expr><![CDATA[=pv!academicBackgroundCDT]]></a:expr>
                <a:required>0</a:required>
                <a:editable>1</a:editable>
                <a:assign-to-pv/>
                <a:input-to-activity-class>true</a:input-to-activity-class>
                <a:hidden-from-designer>false</a:hidden-from-designer>
                <a:generated>false</a:generated>
                <a:enumeration/>
                <a:customDisplayReference/>
              </acp>
            </custom-params>
            <output-exprs>
              <el typeFlag="1"><![CDATA[academicBackgroundCDT:AC!StoredValues]]></el>
            </output-exprs>
            <requires-user-interaction>true</requires-user-interaction>
            <run-as>
              <performer id="0"/>
            </run-as>
            <form-map>
              <pair>
                <locale country="US" lang="en" variant=""/>
                <form-config>
                  <form>
                    <type>3</type>
                    <enabled>true</enabled>
                    <dynamic-form>
                      <form-elements>
                        <form-element>
                          <label><![CDATA[Question1]]></label>
                          <instructions/>
                          <editable>true</editable>
                          <hidden>false</hidden>
                          <multiple>false</multiple>
                          <required>false</required>
                          <type>2</type>
                          <options/>
                          <name><![CDATA[Question1]]></name>
                          <mapped-to><![CDATA[WriteToAcademics]]></mapped-to>
                          <value/>
                          <extra><![CDATA[{}]]></extra>
                        </form-element>
                      </form-elements>
                    </dynamic-form>
                    <uiExpressionForm>
                      <expression><![CDATA[=/*41707069616E-GEN-DEBUG*/=a!formLayout(
  buttons: a!buttonLayout(
    primaryButtons: {
      a!buttonWidgetSubmit(
        label: "OK",
        style: "PRIMARY"
      )
    }
  ))]]></expression>
                    </uiExpressionForm>
                    <hiddenSections>16</hiddenSections>
                  </form>
                </form-config>
              </pair>
            </form-map>
            <helper-class/>
          </ac>
          <multiple-instance/>
          <escalations/>
          <connections>
            <connection>
              <guiId>11</guiId>
              <to>10</to>
              <toObjectType>ap.gui.Node</toObjectType>
              <fromAnchor>1</fromAnchor>
              <toAnchor>3</toAnchor>
              <showArrowhead>true</showArrowhead>
              <flowLabel/>
              <label>
                <fontColor>#000000</fontColor>
                <fontFamily>Arial, Helvetica, Sans-Serif</fontFamily>
                <fontSize>12</fontSize>
                <bold>false</bold>
                <italics>false</italics>
                <underline>false</underline>
              </label>
              <associations/>
              <chained>false</chained>
              <overridesAssignment>true</overridesAssignment>
              <synchronizeData>false</synchronizeData>
            </connection>
          </connections>
          <associations/>
          <target-completion>5.0</target-completion>
          <target-lag>1.0</target-lag>
          <attachments/>
          <notes/>
          <lingering>false</lingering>
          <on-create-ignore-if-active>false</on-create-ignore-if-active>
          <on-create-delete-previous-active>false</on-create-delete-previous-active>
          <on-complete-delete-previous-completed>false</on-complete-delete-previous-completed>
          <pre-triggers/>
          <post-triggers/>
          <event-producers/>
          <exception-flow/>
          <label>
            <fontColor>#000000</fontColor>
            <fontFamily>Arial, Helvetica, Sans-Serif</fontFamily>
            <fontSize>12</fontSize>
            <bold>false</bold>
            <italics>false</italics>
            <underline>false</underline>
          </label>
          <deadline>
            <enabled>false</enabled>
            <type>0</type>
            <units>0</units>
            <rex/>
            <aex/>
          </deadline>
          <allowsBack>false</allowsBack>
          <refreshDefaultValues>false</refreshDefaultValues>
          <on-complete-keep-form-data>false</on-complete-keep-form-data>
          <skipNotification>false</skipNotification>
        </node>
        <node uuid="0002e64a-e5c8-8000-0570-7f0000014e7a">
          <guiId>4</guiId>
          <owner/>
          <icon id="998"/>
          <picon id="98"/>
          <fname>
            <string-map>
              <pair>
                <locale country="US" lang="en" variant=""/>
                <value><![CDATA[Write to Application DSE]]></value>
              </pair>
            </string-map>
          </fname>
          <x>476</x>
          <y>168</y>
          <display>
            <string-map>
              <pair>
                <locale country="US" lang="en" variant=""/>
                <value><![CDATA[Write to Application DSE]]></value>
              </pair>
            </string-map>
          </display>
          <desc>
            <string-map>
              <pair>
                <locale country="US" lang="en" variant=""/>
                <value><![CDATA[Writes the data from Application CDT to Application DSE]]></value>
              </pair>
            </string-map>
          </desc>
          <notify>false</notify>
          <confirmation-url/>
          <lane>0</lane>
          <overrideLaneAssignment>false</overrideLaneAssignment>
          <ac>
            <local-id>appian.system.smart-services.write-to-data-store</local-id>
            <name><![CDATA[Write to Data Store Entity]]></name>
            <acps>
              <acp name="DataStoreEntity">
                <a:value
                  a:id="7c8b330c-076f-4af8-b812-1206ab00be2f@_a-0000e5f0-9185-8000-9baa-011c48011c48_34225"
                  xmlns="" xsi:type="a:DataStoreEntity"/>
                <a:local-id>input-DataStoreEntity</a:local-id>
                <a:expr/>
                <a:required>1</a:required>
                <a:editable>1</a:editable>
                <a:assign-to-pv/>
                <a:input-to-activity-class>true</a:input-to-activity-class>
                <a:hidden-from-designer>false</a:hidden-from-designer>
                <a:generated>false</a:generated>
                <a:enumeration/>
                <a:customDisplayReference/>
              </acp>
              <acp name="StoredValues">
                <a:value xsi:nil="true" xsi:type="a:Variant?list"/>
                <a:local-id>output-StoredValues</a:local-id>
                <a:expr/>
                <a:required>0</a:required>
                <a:editable>1</a:editable>
                <a:assign-to-pv/>
                <a:input-to-activity-class>false</a:input-to-activity-class>
                <a:hidden-from-designer>false</a:hidden-from-designer>
                <a:generated>false</a:generated>
                <a:enumeration/>
                <a:customDisplayReference/>
              </acp>
            </acps>
            <custom-params>
              <acp name="WriteToApplication">
                <a:value xmlns:n1="urn:com:appian:types.utd.af"
                  xsi:nil="true" xsi:type="n1:HAP_Application"/>
                <a:local-id/>
                <a:expr><![CDATA[=pv!applicationCDT]]></a:expr>
                <a:required>0</a:required>
                <a:editable>1</a:editable>
                <a:assign-to-pv/>
                <a:input-to-activity-class>true</a:input-to-activity-class>
                <a:hidden-from-designer>false</a:hidden-from-designer>
                <a:generated>false</a:generated>
                <a:enumeration/>
                <a:customDisplayReference/>
              </acp>
            </custom-params>
            <output-exprs>
              <el typeFlag="1"><![CDATA[applicationCDT:AC!StoredValues]]></el>
            </output-exprs>
            <requires-user-interaction>true</requires-user-interaction>
            <run-as>
              <performer id="0"/>
            </run-as>
            <form-map>
              <pair>
                <locale country="US" lang="en" variant=""/>
                <form-config>
                  <form>
                    <type>3</type>
                    <enabled>true</enabled>
                    <dynamic-form>
                      <form-elements>
                        <form-element>
                          <label><![CDATA[Question1]]></label>
                          <instructions/>
                          <editable>true</editable>
                          <hidden>false</hidden>
                          <multiple>false</multiple>
                          <required>false</required>
                          <type>2</type>
                          <options/>
                          <name><![CDATA[Question1]]></name>
                          <mapped-to><![CDATA[WriteToApplication]]></mapped-to>
                          <value/>
                          <extra><![CDATA[{}]]></extra>
                        </form-element>
                      </form-elements>
                    </dynamic-form>
                    <uiExpressionForm>
                      <expression><![CDATA[=/*41707069616E-GEN-DEBUG*/=a!formLayout(
  buttons: a!buttonLayout(
    primaryButtons: {
      a!buttonWidgetSubmit(
        label: "OK",
        style: "PRIMARY"
      )
    }
  ))]]></expression>
                    </uiExpressionForm>
                    <hiddenSections>16</hiddenSections>
                  </form>
                </form-config>
              </pair>
            </form-map>
            <helper-class/>
          </ac>
          <multiple-instance/>
          <escalations/>
          <connections>
            <connection>
              <guiId>8</guiId>
              <to>7</to>
              <toObjectType>ap.gui.Node</toObjectType>
              <fromAnchor>1</fromAnchor>
              <toAnchor>3</toAnchor>
              <showArrowhead>true</showArrowhead>
              <flowLabel/>
              <label>
                <fontColor>#000000</fontColor>
                <fontFamily>Arial, Helvetica, Sans-Serif</fontFamily>
                <fontSize>12</fontSize>
                <bold>false</bold>
                <italics>false</italics>
                <underline>false</underline>
              </label>
              <associations/>
              <chained>false</chained>
              <overridesAssignment>true</overridesAssignment>
              <synchronizeData>false</synchronizeData>
            </connection>
          </connections>
          <associations/>
          <target-completion>5.0</target-completion>
          <target-lag>1.0</target-lag>
          <attachments/>
          <notes/>
          <lingering>false</lingering>
          <on-create-ignore-if-active>false</on-create-ignore-if-active>
          <on-create-delete-previous-active>false</on-create-delete-previous-active>
          <on-complete-delete-previous-completed>false</on-complete-delete-previous-completed>
          <pre-triggers/>
          <post-triggers/>
          <event-producers/>
          <exception-flow/>
          <label>
            <fontColor>#000000</fontColor>
            <fontFamily>Arial, Helvetica, Sans-Serif</fontFamily>
            <fontSize>12</fontSize>
            <bold>false</bold>
            <italics>false</italics>
            <underline>false</underline>
          </label>
          <deadline>
            <enabled>false</enabled>
            <type>0</type>
            <units>0</units>
            <rex/>
            <aex/>
          </deadline>
          <allowsBack>false</allowsBack>
          <refreshDefaultValues>false</refreshDefaultValues>
          <on-complete-keep-form-data>false</on-complete-keep-form-data>
          <skipNotification>false</skipNotification>
        </node>
        <node uuid="0001e64a-f22d-8000-059b-7f0000014e7a">
          <guiId>13</guiId>
          <owner/>
          <icon id="68"/>
          <picon id="69"/>
          <fname>
            <string-map>
              <pair>
                <locale country="US" lang="en" variant=""/>
                <value><![CDATA[Update Tables]]></value>
              </pair>
            </string-map>
          </fname>
          <x>224</x>
          <y>168</y>
          <display>
            <string-map>
              <pair>
                <locale country="US" lang="en" variant=""/>
                <value><![CDATA[Update Tables]]></value>
              </pair>
            </string-map>
          </display>
          <desc>
            <string-map>
              <pair>
                <locale country="US" lang="en" variant=""/>
                <value><![CDATA[Updating the foreign key relationships for tables]]></value>
              </pair>
            </string-map>
          </desc>
          <notify>false</notify>
          <confirmation-url/>
          <lane>0</lane>
          <overrideLaneAssignment>false</overrideLaneAssignment>
          <ac>
            <local-id>internal.16</local-id>
            <name><![CDATA[Unattended Multiple Questions]]></name>
            <acps/>
            <custom-params/>
            <output-exprs>
              <el typeFlag="0"><![CDATA[applicationCDT.applicant:pv!applicantCDT]]></el>
              <el typeFlag="0"><![CDATA[academicBackgroundCDT.applicationId:pv!applicationCDT]]></el>
              <el typeFlag="0"><![CDATA[examScoreCDT.applicationId:pv!applicationCDT]]></el>
            </output-exprs>
            <requires-user-interaction>true</requires-user-interaction>
            <run-as>
              <performer id="0"/>
            </run-as>
            <form-map/>
            <helper-class/>
          </ac>
          <multiple-instance/>
          <escalations/>
          <connections>
            <connection>
              <guiId>15</guiId>
              <to>2</to>
              <toObjectType>ap.gui.Node</toObjectType>
              <fromAnchor>1</fromAnchor>
              <toAnchor>3</toAnchor>
              <showArrowhead>true</showArrowhead>
              <flowLabel/>
              <label>
                <fontColor>#000000</fontColor>
                <fontFamily>Arial, Helvetica, Sans-Serif</fontFamily>
                <fontSize>12</fontSize>
                <bold>false</bold>
                <italics>false</italics>
                <underline>false</underline>
              </label>
              <associations/>
              <chained>false</chained>
              <overridesAssignment>true</overridesAssignment>
              <synchronizeData>false</synchronizeData>
            </connection>
          </connections>
          <associations/>
          <target-completion>5.0</target-completion>
          <target-lag>1.0</target-lag>
          <attachments/>
          <notes/>
          <lingering>false</lingering>
          <on-create-ignore-if-active>false</on-create-ignore-if-active>
          <on-create-delete-previous-active>false</on-create-delete-previous-active>
          <on-complete-delete-previous-completed>false</on-complete-delete-previous-completed>
          <pre-triggers/>
          <post-triggers/>
          <event-producers/>
          <exception-flow/>
          <label>
            <fontColor>#000000</fontColor>
            <fontFamily>Arial, Helvetica, Sans-Serif</fontFamily>
            <fontSize>12</fontSize>
            <bold>false</bold>
            <italics>false</italics>
            <underline>false</underline>
          </label>
          <deadline>
            <enabled>false</enabled>
            <type>0</type>
            <units>0</units>
            <rex/>
            <aex/>
          </deadline>
          <allowsBack>false</allowsBack>
          <refreshDefaultValues>false</refreshDefaultValues>
          <on-complete-keep-form-data>false</on-complete-keep-form-data>
          <skipNotification>false</skipNotification>
        </node>
      </nodes>
      <annotations/>
      <lanes>
        <lane>
          <laneLabel><![CDATA[System]]></laneLabel>
          <dimension>326</dimension>
          <color>#00CC33</color>
          <isVertical>false</isVertical>
          <isLaneAssignment>false</isLaneAssignment>
          <assignments>
            <assignment-function/>
            <position>0</position>
            <accept-mode>1</accept-mode>
          </assignments>
          <unattended>0</unattended>
          <runAs>0</runAs>
          <label>
            <fontColor>#000000</fontColor>
            <fontFamily>Arial, Helvetica, Sans-Serif</fontFamily>
            <fontSize>12</fontSize>
            <bold>true</bold>
            <italics>false</italics>
            <underline>false</underline>
          </label>
        </lane>
      </lanes>
      <attachments/>
      <notes/>
      <priority id="1"/>
      <form-map>
        <pair>
          <locale country="US" lang="en" variant=""/>
          <form-config>
            <form>
              <type>3</type>
              <enabled>true</enabled>
              <dynamic-form>
                <form-elements/>
              </dynamic-form>
              <uiExpressionForm>
                <expression/>
              </uiExpressionForm>
              <hiddenSections>16</hiddenSections>
            </form>
          </form-config>
        </pair>
      </form-map>
      <isPublic>false</isPublic>
    </pm>
  </process_model_port>
  <isPublished>true</isPublished>
  <history>
    <historyInfo versionUuid="0001e64a-f30a-8000-059f-7f0000014e7a"/>
  </history>
</processModelHaul>
