<?xml version="1.0" encoding="UTF-8" standalone="yes"?>
<dataStoreHaul xmlns:a="http://www.appian.com/ae/types/2009">
    <versionUuid>_a-0000e5f0-9185-8000-9baa-011c48011c48_50734</versionUuid>
    <dataStore>
        <uuid>_a-0000e5f0-9185-8000-9baa-011c48011c48_34225</uuid>
        <name>HAP_DS</name>
        <description>Datastore for UTD Application system.</description>
        <dataSourceKey>jdbc/Appian</dataSourceKey>
        <adaptingExplicitSqlNames>false</adaptingExplicitSqlNames>
        <autoUpdateSchema>true</autoUpdateSchema>
        <entities>
            <entity>
                <uuid>7c8b330c-076f-4af8-b812-1206ab00be2f</uuid>
                <name>application</name>
                <type>{urn:com:appian:types.utd.af}HAP_Application</type>
            </entity>
            <entity>
                <uuid>5c0ccf59-76bb-4c44-88ab-146fc3de6079</uuid>
                <name>applicant</name>
                <type>{urn:com:appian:types.utd.af}HAP_Applicant</type>
            </entity>
            <entity>
                <uuid>fc3de242-7a68-49c1-a8ce-3055b535b2a7</uuid>
                <name>academics</name>
                <type>{urn:com:appian:types}HAP_Academic_Background</type>
            </entity>
            <entity>
                <uuid>a6f000b6-4ef7-4fba-a0a4-1a4a165c978b</uuid>
                <name>examscores</name>
                <type>{urn:com:appian:types}HAP_Exam_Scores</type>
            </entity>
        </entities>
    </dataStore>
    <isPublished>true</isPublished>
    <roleMap>
        <role inherit="false" allowForAll="false" name="administrators">
            <users/>
            <groups>
                <groupUuid>_e-0000e5f0-9185-8000-9af7-01075c01075c_549</groupUuid>
            </groups>
        </role>
        <role inherit="false" allowForAll="false" name="authors">
            <users/>
            <groups/>
        </role>
        <role inherit="false" allowForAll="false" name="denyAdministrators">
            <users/>
            <groups/>
        </role>
        <role inherit="false" allowForAll="false" name="denyAuthors">
            <users/>
            <groups/>
        </role>
        <role inherit="false" allowForAll="false" name="denyReaders">
            <users/>
            <groups/>
        </role>
        <role inherit="false" allowForAll="true" name="readers">
            <users/>
            <groups/>
        </role>
    </roleMap>
    <history>
        <historyInfo versionUuid="_a-0000e5f0-9185-8000-9baa-011c48011c48_50734"/>
    </history>
</dataStoreHaul>
