<?xml version="1.0" encoding="UTF-8" standalone="yes"?>
<processModelFolderHaul xmlns:a="http://www.appian.com/ae/types/2009">
    <versionUuid>_g-0000e5f0-9185-8000-f9bf-7f0000014e7a_226</versionUuid>
    <processModelFolder>
        <name>HAP Process Models</name>
        <uuid>_g-0000e5f0-9185-8000-f9bf-7f0000014e7a_223</uuid>
        <description>common folder for all process models</description>
    </processModelFolder>
    <roleMap>
        <role name="ADMIN_OWNER">
            <users/>
            <groups>
                <groupUuid>_e-0000e5f0-9185-8000-9af7-01075c01075c_549</groupUuid>
            </groups>
        </role>
        <role name="EDITOR">
            <users/>
            <groups/>
        </role>
        <role name="EXPLICIT_NONMEMBER">
            <users/>
            <groups/>
        </role>
        <role name="VIEWER">
            <users/>
            <groups>
                <groupUuid>_e-0000e5f0-9185-8000-9af7-01075c01075c_557</groupUuid>
            </groups>
        </role>
        <role name="MANAGER">
            <users/>
            <groups/>
        </role>
        <role name="INITIATOR">
            <users/>
            <groups/>
        </role>
    </roleMap>
    <history>
        <historyInfo versionUuid="_g-0000e5f0-9185-8000-f9bf-7f0000014e7a_226"/>
    </history>
</processModelFolderHaul>
