<?xml version="1.0" encoding="UTF-8"?>
<siteHaul xmlns:a="http://www.appian.com/ae/types/2009" xmlns:xsi="http://www.w3.org/2001/XMLSchema-instance">
  <versionUuid>89785c22-5eae-4003-8473-881fa24ea642</versionUuid>
  <site a:uuid="245486c8-5f4d-4f8f-8c2c-fd2259bf0b8f" name="HAP_Applicant_Site">
    <description>landing page for applicants to track their applications</description>
    <urlStub>utd-hap-applicant-site</urlStub>
    <page>
      <staticName>View Applications</staticName>
      <description/>
      <urlStub>view-applications</urlStub>
      <uiObject a:uuid="2340d7f0-51da-4236-bc6c-427674e5a91b" xsi:type="a:RecordType">
        <a:isSystem>false</a:isSystem>
        <a:security>16383</a:security>
        <a:hideLatestNews>false</a:hideLatestNews>
        <a:hideNewsView>false</a:hideNewsView>
        <a:hideRelatedActionsView>false</a:hideRelatedActionsView>
        <a:isExportable>true</a:isExportable>
        <a:listAutoRefreshInterval>0.0</a:listAutoRefreshInterval>
        <a:enabledFeatures>0</a:enabledFeatures>
        <a:isVisibleInRecordTypeList>true</a:isVisibleInRecordTypeList>
      </uiObject>
      <iconId>f00b</iconId>
      <visibilityExpr>fn!true()</visibilityExpr>
      <pageWidth>WIDE</pageWidth>
    </page>
    <page>
      <staticName>Start Application</staticName>
      <description/>
      <urlStub>start-application</urlStub>
      <uiObject a:uuid="0019e64c-2355-8000-06c1-7f0000014e7a" xsi:type="a:ProcessModel"/>
      <iconId>f055</iconId>
      <visibilityExpr>fn!true()</visibilityExpr>
      <pageWidth>WIDE</pageWidth>
    </page>
    <visibility>268435456</visibility>
    <headerBackgroundColor>#e67c0d</headerBackgroundColor>
    <selectedTabBackgroundColor>#e69138</selectedTabBackgroundColor>
    <faviconRef a:uuid="_a-0000e5f0-9185-8000-9baa-011c48011c48_48868" xsi:type="a:CollaborationDocument"/>
    <logoRef a:uuid="SYSTEM_CONTENT_SITES_DEFAULT_LOGO" xsi:type="a:CollaborationDocument"/>
    <accentColor>#d57108</accentColor>
    <showName>false</showName>
    <tempoLinkVisibility>HIDDEN</tempoLinkVisibility>
    <showRecordNews>true</showRecordNews>
    <tasksInSitesVisibility>HIDDEN</tasksInSitesVisibility>
    <buttonShape>SQUARED</buttonShape>
    <navigationBarStyle>STYLE1</navigationBarStyle>
    <isSystem>false</isSystem>
  </site>
  <roleMap>
    <role name="site_viewer">
      <users/>
      <groups>
        <groupUuid>_e-0000e5f0-9185-8000-9af7-01075c01075c_551</groupUuid>
      </groups>
    </role>
  </roleMap>
  <history>
    <historyInfo versionUuid="89785c22-5eae-4003-8473-881fa24ea642"/>
  </history>
</siteHaul>
