<?xml version="1.0" encoding="UTF-8"?>
<siteHaul xmlns:a="http://www.appian.com/ae/types/2009" xmlns:xsi="http://www.w3.org/2001/XMLSchema-instance">
  <versionUuid>c7c308cd-3f06-44f6-932d-627dd8b5942b</versionUuid>
  <site a:uuid="3d331816-1899-44c3-bd9f-054612dc4b0f" name="HAP_Applicants_Landing_Page_Site">
    <description/>
    <urlStub>hap-landing-page-site</urlStub>
    <page>
      <staticName>UTD Applicants Portal</staticName>
      <description/>
      <urlStub>admissions</urlStub>
      <uiObject a:uuid="0002e64c-40b9-8000-06fd-7f0000014e7a" xsi:type="a:ProcessModel"/>
      <iconId>f02d</iconId>
      <visibilityExpr>fn!true()</visibilityExpr>
      <pageWidth>WIDE</pageWidth>
    </page>
    <visibility>268435456</visibility>
    <headerBackgroundColor>#e67c0d</headerBackgroundColor>
    <selectedTabBackgroundColor>#e67c0d</selectedTabBackgroundColor>
    <faviconRef a:uuid="_a-0000e5f0-9185-8000-9baa-011c48011c48_48868" xsi:type="a:CollaborationDocument"/>
    <logoRef a:uuid="SYSTEM_CONTENT_SITES_DEFAULT_LOGO" xsi:type="a:CollaborationDocument"/>
    <accentColor>#d57108</accentColor>
    <showName>false</showName>
    <tempoLinkVisibility>HIDDEN</tempoLinkVisibility>
    <showRecordNews>true</showRecordNews>
    <tasksInSitesVisibility>HIDDEN</tasksInSitesVisibility>
    <buttonShape>SQUARED</buttonShape>
    <navigationBarStyle>STYLE1</navigationBarStyle>
    <isSystem>false</isSystem>
  </site>
  <roleMap>
    <role name="site_administrator">
      <users/>
      <groups>
        <groupUuid>_e-0000e5f0-9185-8000-9af7-01075c01075c_549</groupUuid>
      </groups>
    </role>
  </roleMap>
  <history>
    <historyInfo versionUuid="c7c308cd-3f06-44f6-932d-627dd8b5942b"/>
  </history>
</siteHaul>
