<?xml version="1.0" encoding="UTF-8"?>
<siteHaul xmlns:a="http://www.appian.com/ae/types/2009" xmlns:xsi="http://www.w3.org/2001/XMLSchema-instance">
  <versionUuid>3a689b0f-5352-47ed-82cc-25c812abf1ed</versionUuid>
  <site a:uuid="412a41a5-db32-4a92-ad5a-ff1ca0bcfba1" name="HAP_Admissions_Landing_Page">
    <description/>
    <urlStub>hap-admissions-landing-page</urlStub>
    <page>
      <staticName>HAP Admissions Portal</staticName>
      <description/>
      <urlStub>hap-admissions-portal</urlStub>
      <uiObject a:uuid="0002e64d-16d8-8000-0762-7f0000014e7a" xsi:type="a:ProcessModel"/>
      <iconId>f02d</iconId>
      <visibilityExpr>fn!true()</visibilityExpr>
      <pageWidth>WIDE</pageWidth>
    </page>
    <visibility>268435456</visibility>
    <headerBackgroundColor>#e67c0d</headerBackgroundColor>
    <selectedTabBackgroundColor>#e67c0d</selectedTabBackgroundColor>
    <faviconRef a:uuid="_a-0000e5f0-9185-8000-9baa-011c48011c48_48868" xsi:type="a:CollaborationDocument"/>
    <logoRef a:uuid="SYSTEM_CONTENT_SITES_DEFAULT_LOGO" xsi:type="a:CollaborationDocument"/>
    <accentColor>#d57108</accentColor>
    <showName>false</showName>
    <tempoLinkVisibility>HIDDEN</tempoLinkVisibility>
    <showRecordNews>true</showRecordNews>
    <tasksInSitesVisibility>HIDDEN</tasksInSitesVisibility>
    <buttonShape>SQUARED</buttonShape>
    <navigationBarStyle>STYLE1</navigationBarStyle>
    <isSystem>false</isSystem>
  </site>
  <roleMap>
    <role name="site_viewer">
      <users/>
      <groups>
        <groupUuid>_e-0000e5f0-9185-8000-9af7-01075c01075c_555</groupUuid>
        <groupUuid>_e-0000e5f0-9185-8000-9af7-01075c01075c_553</groupUuid>
      </groups>
    </role>
  </roleMap>
  <history>
    <historyInfo versionUuid="3a689b0f-5352-47ed-82cc-25c812abf1ed"/>
  </history>
</siteHaul>
