<?xml version="1.0" encoding="UTF-8"?>
<siteHaul xmlns:a="http://www.appian.com/ae/types/2009" xmlns:xsi="http://www.w3.org/2001/XMLSchema-instance">
  <versionUuid>93bfef3a-0e50-4ca4-8c25-f70e45e46bdf</versionUuid>
  <site a:uuid="6de46daa-7770-4b3d-8ce1-cc337d4b99e9" name="HAP_Admissions_Office_Site">
    <description>Site for the Admissions Office</description>
    <urlStub>hap-admissions-office-site</urlStub>
    <page>
      <staticName>All Applicants</staticName>
      <description/>
      <urlStub>all-applicants</urlStub>
      <uiObject a:uuid="f5daa87d-80cc-400d-8941-115882555247" xsi:type="a:RecordType">
        <a:isSystem>false</a:isSystem>
        <a:security>16383</a:security>
        <a:hideLatestNews>false</a:hideLatestNews>
        <a:hideNewsView>false</a:hideNewsView>
        <a:hideRelatedActionsView>false</a:hideRelatedActionsView>
        <a:isExportable>true</a:isExportable>
        <a:listAutoRefreshInterval>0.0</a:listAutoRefreshInterval>
        <a:enabledFeatures>0</a:enabledFeatures>
        <a:isVisibleInRecordTypeList>true</a:isVisibleInRecordTypeList>
      </uiObject>
      <iconId>f007</iconId>
      <visibilityExpr>fn!true()</visibilityExpr>
      <pageWidth>WIDE</pageWidth>
    </page>
    <page>
      <staticName>Applications Drill-Down</staticName>
      <description/>
      <urlStub>applicants-graph</urlStub>
      <uiObject a:uuid="49bc2fc3-0df7-411d-b8f5-1dca22d6d59c" xsi:type="a:TempoReport"/>
      <iconId>f012</iconId>
      <visibilityExpr>fn!true()</visibilityExpr>
      <pageWidth>WIDE</pageWidth>
    </page>
    <visibility>268435456</visibility>
    <headerBackgroundColor>#e69138</headerBackgroundColor>
    <selectedTabBackgroundColor>#e69138</selectedTabBackgroundColor>
    <faviconRef a:uuid="_a-0000e5f0-9185-8000-9baa-011c48011c48_48868" xsi:type="a:CollaborationDocument"/>
    <logoRef a:uuid="SYSTEM_CONTENT_SITES_DEFAULT_LOGO" xsi:type="a:CollaborationDocument"/>
    <accentColor>#e69138</accentColor>
    <showName>false</showName>
    <tempoLinkVisibility>HIDDEN</tempoLinkVisibility>
    <showRecordNews>true</showRecordNews>
    <tasksInSitesVisibility>HIDDEN</tasksInSitesVisibility>
    <buttonShape>SQUARED</buttonShape>
    <navigationBarStyle>STYLE1</navigationBarStyle>
    <isSystem>false</isSystem>
  </site>
  <roleMap>
    <role name="site_administrator">
      <users/>
      <groups>
        <groupUuid>_e-0000e5f0-9185-8000-9af7-01075c01075c_549</groupUuid>
      </groups>
    </role>
    <role name="site_editor">
      <users/>
      <groups>
        <groupUuid>_e-0000e5f0-9185-8000-9af7-01075c01075c_555</groupUuid>
      </groups>
    </role>
  </roleMap>
  <history>
    <historyInfo versionUuid="93bfef3a-0e50-4ca4-8c25-f70e45e46bdf"/>
  </history>
</siteHaul>
