<?xml version="1.0" encoding="UTF-8"?>
<siteHaul xmlns:a="http://www.appian.com/ae/types/2009" xmlns:xsi="http://www.w3.org/2001/XMLSchema-instance">
  <versionUuid>2a15e6cd-9c0a-45ba-be70-83dc26961ea7</versionUuid>
  <site a:uuid="a28fc9c6-1574-4fe8-aa6a-9bb406607879" name="HAP_Counsellor_Site">
    <description>Site for counsellor </description>
    <urlStub>hap-counsellor-site</urlStub>
    <page>
      <staticName>All Applicants</staticName>
      <description/>
      <urlStub>all-applicants</urlStub>
      <uiObject a:uuid="127b9e3c-de4a-4eac-8897-5f656fa604ed" xsi:type="a:RecordType">
        <a:isSystem>false</a:isSystem>
        <a:security>16383</a:security>
        <a:hideLatestNews>false</a:hideLatestNews>
        <a:hideNewsView>false</a:hideNewsView>
        <a:hideRelatedActionsView>false</a:hideRelatedActionsView>
        <a:isExportable>true</a:isExportable>
        <a:listAutoRefreshInterval>0.0</a:listAutoRefreshInterval>
        <a:enabledFeatures>0</a:enabledFeatures>
        <a:isVisibleInRecordTypeList>true</a:isVisibleInRecordTypeList>
      </uiObject>
      <iconId>f1c0</iconId>
      <visibilityExpr>fn!true()</visibilityExpr>
      <pageWidth>WIDE</pageWidth>
    </page>
    <page>
      <staticName>Applications Drill-Down</staticName>
      <description/>
      <urlStub>applicants-graph</urlStub>
      <uiObject a:uuid="49bc2fc3-0df7-411d-b8f5-1dca22d6d59c" xsi:type="a:TempoReport"/>
      <iconId>f012</iconId>
      <visibilityExpr>fn!true()</visibilityExpr>
      <pageWidth>WIDE</pageWidth>
    </page>
    <visibility>268435456</visibility>
    <headerBackgroundColor>#e67c0d</headerBackgroundColor>
    <selectedTabBackgroundColor>#e69138</selectedTabBackgroundColor>
    <faviconRef a:uuid="_a-0000e5f0-9185-8000-9baa-011c48011c48_48868" xsi:type="a:CollaborationDocument"/>
    <logoRef a:uuid="SYSTEM_CONTENT_SITES_DEFAULT_LOGO" xsi:type="a:CollaborationDocument"/>
    <accentColor>#d57108</accentColor>
    <showName>false</showName>
    <tempoLinkVisibility>HIDDEN</tempoLinkVisibility>
    <showRecordNews>true</showRecordNews>
    <tasksInSitesVisibility>HIDDEN</tasksInSitesVisibility>
    <buttonShape>SQUARED</buttonShape>
    <navigationBarStyle>STYLE1</navigationBarStyle>
    <isSystem>false</isSystem>
  </site>
  <roleMap>
    <role name="site_administrator">
      <users/>
      <groups>
        <groupUuid>_e-0000e5f0-9185-8000-9af7-01075c01075c_549</groupUuid>
      </groups>
    </role>
    <role name="site_editor">
      <users/>
      <groups>
        <groupUuid>_e-0000e5f0-9185-8000-9af7-01075c01075c_553</groupUuid>
      </groups>
    </role>
  </roleMap>
  <history>
    <historyInfo versionUuid="2a15e6cd-9c0a-45ba-be70-83dc26961ea7"/>
  </history>
</siteHaul>
