<?xml version="1.0" encoding="UTF-8"?>
<siteHaul xmlns:a="http://www.appian.com/ae/types/2009" xmlns:xsi="http://www.w3.org/2001/XMLSchema-instance">
  <versionUuid>b0187626-b8bf-4a3b-9437-cba201032d19</versionUuid>
  <site a:uuid="d96cbd2b-52d8-4646-88c8-54843c3b41bb" name="HAP_Admission_Site">
    <description>Site for Admissions UTD HAP</description>
    <urlStub>hap-admission-site</urlStub>
    <page>
      <staticName>New Application</staticName>
      <description/>
      <urlStub>new-application</urlStub>
      <uiObject a:uuid="0002e649-98c1-8000-04b7-7f0000014e7a" xsi:type="a:ProcessModel"/>
      <iconId>f067</iconId>
      <visibilityExpr>isusermemberofgroup(loggedInUser(),group(#"_a-0000e5f0-9185-8000-9baa-011c48011c48_46525","id"))</visibilityExpr>
      <pageWidth>WIDE</pageWidth>
    </page>
    <visibility>268435456</visibility>
    <headerBackgroundColor>#e67c0d</headerBackgroundColor>
    <selectedTabBackgroundColor>#e69138</selectedTabBackgroundColor>
    <faviconRef a:uuid="_a-0000e5f0-9185-8000-9baa-011c48011c48_48868" xsi:type="a:CollaborationDocument"/>
    <logoRef a:uuid="SYSTEM_CONTENT_SITES_DEFAULT_LOGO" xsi:type="a:CollaborationDocument"/>
    <accentColor>#d57108</accentColor>
    <showName>false</showName>
    <tempoLinkVisibility>HIDDEN</tempoLinkVisibility>
    <showRecordNews>true</showRecordNews>
    <tasksInSitesVisibility>GROUPS</tasksInSitesVisibility>
    <tasksInSitesViewers
      a:uuid="_e-0000e5f0-9185-8000-9af7-01075c01075c_555" xsi:type="a:Group"/>
    <tasksInSitesViewers
      a:uuid="_e-0000e5f0-9185-8000-9af7-01075c01075c_553" xsi:type="a:Group"/>
    <buttonShape>SQUARED</buttonShape>
    <navigationBarStyle>STYLE1</navigationBarStyle>
    <isSystem>false</isSystem>
  </site>
  <roleMap>
    <role name="site_administrator">
      <users/>
      <groups>
        <groupUuid>_e-0000e5f0-9185-8000-9af7-01075c01075c_555</groupUuid>
        <groupUuid>_e-0000e5f0-9185-8000-9af7-01075c01075c_553</groupUuid>
        <groupUuid>_e-0000e5f0-9185-8000-9af7-01075c01075c_549</groupUuid>
      </groups>
    </role>
    <role name="site_viewer">
      <users/>
      <groups>
        <groupUuid>_e-0000e5f0-9185-8000-9af7-01075c01075c_551</groupUuid>
      </groups>
    </role>
  </roleMap>
  <history>
    <historyInfo versionUuid="b0187626-b8bf-4a3b-9437-cba201032d19"/>
  </history>
</siteHaul>
