<?xml version="1.0" encoding="UTF-8"?>
<recordTypeHaul xmlns:a="http://www.appian.com/ae/types/2009" xmlns:xsi="http://www.w3.org/2001/XMLSchema-instance">
  <versionUuid>925998d1-5b3e-4787-8846-b9a626a4fb53</versionUuid>
  <recordType a:uuid="127b9e3c-de4a-4eac-8897-5f656fa604ed" name="HAP_CounselorView">
    <a:pluralName>HAP_CounselorViews</a:pluralName>
    <a:description>View counselor sees in the site. </a:description>
    <a:urlStub>F2Z3Wg</a:urlStub>
    <a:source
      a:uuid="7c8b330c-076f-4af8-b812-1206ab00be2f@_a-0000e5f0-9185-8000-9baa-011c48011c48_34225" xsi:type="a:DataStoreEntity"/>
    <a:listViewTemplateExpr>#"SYSTEM_SYSRULES_recordGridField"(
  columns: {
    #"SYSTEM_SYSRULES_gridColumn"(
      label: "Application ID",
      sortField: #"urn:appian:record-field:v1:127b9e3c-de4a-4eac-8897-5f656fa604ed/applicationID",
      value: #"SYSTEM_SYSRULES_linkField"(
        links: {
          #"SYSTEM_SYSRULES_recordLink"(
            label: fv!row[#"urn:appian:record-field:v1:127b9e3c-de4a-4eac-8897-5f656fa604ed/applicationID"],
            recordType: #"urn:appian:record-type:v1:127b9e3c-de4a-4eac-8897-5f656fa604ed",
            identifier: fv!identifier
          )
        }
      ),
      align: "END"
    ),
    #"SYSTEM_SYSRULES_gridColumn"(
      label: "School",
      sortField: #"urn:appian:record-field:v1:127b9e3c-de4a-4eac-8897-5f656fa604ed/school",
      value: fv!row[#"urn:appian:record-field:v1:127b9e3c-de4a-4eac-8897-5f656fa604ed/school"]
    ),
    #"SYSTEM_SYSRULES_gridColumn"(
      label: "Program",
      sortField: #"urn:appian:record-field:v1:127b9e3c-de4a-4eac-8897-5f656fa604ed/program",
      value: fv!row[#"urn:appian:record-field:v1:127b9e3c-de4a-4eac-8897-5f656fa604ed/program"]
    ),
    #"SYSTEM_SYSRULES_gridColumn"(
      label: "Status",
      sortField: #"urn:appian:record-field:v1:127b9e3c-de4a-4eac-8897-5f656fa604ed/status",
      value: fv!row[#"urn:appian:record-field:v1:127b9e3c-de4a-4eac-8897-5f656fa604ed/status"]
    ),
    #"SYSTEM_SYSRULES_gridColumn"(
      label: "Semester",
      sortField: #"urn:appian:record-field:v1:127b9e3c-de4a-4eac-8897-5f656fa604ed/semester",
      value: fv!row[#"urn:appian:record-field:v1:127b9e3c-de4a-4eac-8897-5f656fa604ed/semester"]
    ),
    #"SYSTEM_SYSRULES_gridColumn"(
      label: "Type Of Study",
      sortField: #"urn:appian:record-field:v1:127b9e3c-de4a-4eac-8897-5f656fa604ed/typeOfStudy",
      value: fv!row[#"urn:appian:record-field:v1:127b9e3c-de4a-4eac-8897-5f656fa604ed/typeOfStudy"]
    ),
    #"SYSTEM_SYSRULES_gridColumn"(
      label: "Admissions Comments",
      sortField: #"urn:appian:record-field:v1:127b9e3c-de4a-4eac-8897-5f656fa604ed/admissionsComments",
      value: fv!row[#"urn:appian:record-field:v1:127b9e3c-de4a-4eac-8897-5f656fa604ed/admissionsComments"]
    ),
    #"SYSTEM_SYSRULES_gridColumn"(
      label: "Admissions Action",
      sortField: #"urn:appian:record-field:v1:127b9e3c-de4a-4eac-8897-5f656fa604ed/admisssionsAction",
      value: if(fv!row[#"urn:appian:record-field:v1:127b9e3c-de4a-4eac-8897-5f656fa604ed/admisssionsAction"], "Approved",
      "Needs Counselor Review")
    ),
    #"SYSTEM_SYSRULES_gridColumn"(
      label: "Updated By Admissions On",
      sortField: #"urn:appian:record-field:v1:127b9e3c-de4a-4eac-8897-5f656fa604ed/updatedByAdmissionsOn",
      value: fv!row[#"urn:appian:record-field:v1:127b9e3c-de4a-4eac-8897-5f656fa604ed/updatedByAdmissionsOn"],
      align: "END"
    )
  },
  pageSize: 50,
  shadeAlternateRows: true
)</a:listViewTemplateExpr>
    <a:fieldCfg a:uuid="1ded2646-552f-4e3d-b80c-a6367d00ee64" name="View Schools">
      <a:isSortable>false</a:isSortable>
      <a:isSearchable>false</a:isSearchable>
      <a:isFacet>true</a:isFacet>
      <a:facetType>EXPRESSION</a:facetType>
      <a:isExclusiveFacet>true</a:isExclusiveFacet>
      <a:facetExpr>#"SYSTEM_SYSRULES_recordFilterList"(
  name: "School Type",
  options:
  #"SYSTEM_SYSRULES_forEach"(
    items: #"_a-0000e5f0-9185-8000-9baa-011c48011c48_34278",
    expression: #"SYSTEM_SYSRULES_recordFilterListOption"(
      id: fv!index,
      name: fv!item,
      filter: #"SYSTEM_SYSRULES_queryFilter"(
        field: #"urn:appian:record-field:v1:127b9e3c-de4a-4eac-8897-5f656fa604ed/school",
        operator: "=",
        value: fv!item
      )
    )
  )
)</a:facetExpr>
      <a:sortOrderIndex>0</a:sortOrderIndex>
      <a:facetOrderIndex>0</a:facetOrderIndex>
      <a:visibilityExpr/>
      <a:defaultOptionExpr/>
      <a:allowMultipleSelections>true</a:allowMultipleSelections>
    </a:fieldCfg>
    <a:fieldCfg a:uuid="f1f01086-77f9-440c-bfc6-96923d9ebbcb" name="View Graduation Status">
      <a:isSortable>false</a:isSortable>
      <a:isSearchable>false</a:isSearchable>
      <a:isFacet>true</a:isFacet>
      <a:facetType>EXPRESSION</a:facetType>
      <a:isExclusiveFacet>true</a:isExclusiveFacet>
      <a:facetExpr>#"SYSTEM_SYSRULES_recordFilterList"(
  name: "Graduation Status",
  options:
  #"SYSTEM_SYSRULES_forEach"(
    items: #"_a-0000e5f0-9185-8000-9baa-011c48011c48_36649",
    expression: #"SYSTEM_SYSRULES_recordFilterListOption"(
      id: fv!index,
      name: fv!item,
      filter: #"SYSTEM_SYSRULES_queryFilter"(
        field: #"urn:appian:record-field:v1:127b9e3c-de4a-4eac-8897-5f656fa604ed/status",
        operator: "=",
        value: fv!item
      )
    )
  )
)</a:facetExpr>
      <a:sortOrderIndex>1</a:sortOrderIndex>
      <a:facetOrderIndex>1</a:facetOrderIndex>
      <a:visibilityExpr/>
      <a:defaultOptionExpr/>
      <a:allowMultipleSelections>true</a:allowMultipleSelections>
    </a:fieldCfg>
    <a:detailViewCfg>
      <a:nameExpr>="Summary"</a:nameExpr>
      <a:uiExpr>#"_a-0000e5f0-9185-8000-9baa-011c48011c48_50123"(
  HAP_Application: 
  #"_a-0000e5f0-9185-8000-9baa-011c48011c48_48630"(rv!identifier)
)</a:uiExpr>
      <a:visibilityExpr>=true()</a:visibilityExpr>
      <a:urlStub>summary</a:urlStub>
      <a:headerExpr/>
      <a:recordActionLaunchType>DIALOG</a:recordActionLaunchType>
    </a:detailViewCfg>
    <a:defaultFilter>
      <a:field>counsellorAction</a:field>
      <a:operator>is null</a:operator>
      <a:valueExpression/>
    </a:defaultFilter>
    <a:isSystem>false</a:isSystem>
    <a:dataSrcExpr/>
    <a:facetsListExpr/>
    <a:titleExpr/>
    <a:defaultFiltersExpr/>
    <a:layoutType>GRID</a:layoutType>
    <a:security>16383</a:security>
    <a:hideLatestNews>false</a:hideLatestNews>
    <a:hideNewsView>false</a:hideNewsView>
    <a:hideRelatedActionsView>false</a:hideRelatedActionsView>
    <a:isExportable>true</a:isExportable>
    <a:listViewSrcExpr/>
    <a:recordViewSrcExpr/>
    <a:iconId/>
    <a:listAutoRefreshInterval>0.0</a:listAutoRefreshInterval>
    <a:enabledFeatures>31</a:enabledFeatures>
    <a:isVisibleInRecordTypeList>false</a:isVisibleInRecordTypeList>
    <a:recordActionLaunchType>DIALOG</a:recordActionLaunchType>
  </recordType>
  <roleMap>
    <role name="record_type_administrator">
      <users/>
      <groups>
        <groupUuid>_e-0000e5f0-9185-8000-9af7-01075c01075c_549</groupUuid>
      </groups>
    </role>
    <role name="record_type_viewer">
      <users/>
      <groups>
        <groupUuid>_e-0000e5f0-9185-8000-9af7-01075c01075c_553</groupUuid>
      </groups>
    </role>
  </roleMap>
  <history>
    <historyInfo versionUuid="925998d1-5b3e-4787-8846-b9a626a4fb53"/>
  </history>
  <migrationVersion>1</migrationVersion>
</recordTypeHaul>
