<?xml version="1.0" encoding="UTF-8"?>
<recordTypeHaul xmlns:a="http://www.appian.com/ae/types/2009" xmlns:xsi="http://www.w3.org/2001/XMLSchema-instance">
  <versionUuid>bfbafdd1-110f-470b-a2d9-407c1ab57fb2</versionUuid>
  <recordType a:uuid="2340d7f0-51da-4236-bc6c-427674e5a91b" name="HAP_ApplicantsView">
    <a:pluralName>HAP_ApplicantsViews</a:pluralName>
    <a:description>displays the filtered list of applications for each applicant</a:description>
    <a:urlStub>xqUFwg</a:urlStub>
    <a:source
      a:uuid="7c8b330c-076f-4af8-b812-1206ab00be2f@_a-0000e5f0-9185-8000-9baa-011c48011c48_34225" xsi:type="a:DataStoreEntity"/>
    <a:listViewTemplateExpr>#"SYSTEM_SYSRULES_recordGridField"(
  columns: {
    #"SYSTEM_SYSRULES_gridColumn"(
      label: "Application ID",
      sortField: #"urn:appian:record-field:v1:2340d7f0-51da-4236-bc6c-427674e5a91b/applicationID",
      value: #"SYSTEM_SYSRULES_linkField"(
        links: {
          #"SYSTEM_SYSRULES_recordLink"(
            label: fv!row[#"urn:appian:record-field:v1:2340d7f0-51da-4236-bc6c-427674e5a91b/applicationID"],
            recordType: #"urn:appian:record-type:v1:2340d7f0-51da-4236-bc6c-427674e5a91b",
            identifier: fv!identifier
          )
        }
      ),
      align: "END"
    ),
    #"SYSTEM_SYSRULES_gridColumn"(
      label: "School",
      sortField: #"urn:appian:record-field:v1:2340d7f0-51da-4236-bc6c-427674e5a91b/school",
      value: fv!row[#"urn:appian:record-field:v1:2340d7f0-51da-4236-bc6c-427674e5a91b/school"]
    ),
    #"SYSTEM_SYSRULES_gridColumn"(
      label: "Program",
      sortField: #"urn:appian:record-field:v1:2340d7f0-51da-4236-bc6c-427674e5a91b/program",
      value: fv!row[#"urn:appian:record-field:v1:2340d7f0-51da-4236-bc6c-427674e5a91b/program"]
    ),
    #"SYSTEM_SYSRULES_gridColumn"(
      label: "Status",
      sortField: #"urn:appian:record-field:v1:2340d7f0-51da-4236-bc6c-427674e5a91b/status",
      value: fv!row[#"urn:appian:record-field:v1:2340d7f0-51da-4236-bc6c-427674e5a91b/status"]
    ),
    #"SYSTEM_SYSRULES_gridColumn"(
      label: "Semester",
      sortField: #"urn:appian:record-field:v1:2340d7f0-51da-4236-bc6c-427674e5a91b/semester",
      value: fv!row[#"urn:appian:record-field:v1:2340d7f0-51da-4236-bc6c-427674e5a91b/semester"]
    ),
    #"SYSTEM_SYSRULES_gridColumn"(
      label: "Applicant",
      sortField: #"urn:appian:record-field:v1:2340d7f0-51da-4236-bc6c-427674e5a91b/applicant",
      value: fv!row[#"urn:appian:record-field:v1:2340d7f0-51da-4236-bc6c-427674e5a91b/applicant"],
      showWhen: false
    ),
    #"SYSTEM_SYSRULES_gridColumn"(
      label: "Type Of Study",
      sortField: #"urn:appian:record-field:v1:2340d7f0-51da-4236-bc6c-427674e5a91b/typeOfStudy",
      value: fv!row[#"urn:appian:record-field:v1:2340d7f0-51da-4236-bc6c-427674e5a91b/typeOfStudy"]
    ),
    #"SYSTEM_SYSRULES_gridColumn"(
      label: "Application Status",
      sortField: #"urn:appian:record-field:v1:2340d7f0-51da-4236-bc6c-427674e5a91b/applicationStatus",
      value: fv!row[#"urn:appian:record-field:v1:2340d7f0-51da-4236-bc6c-427674e5a91b/applicationStatus"]
    ),
    #"SYSTEM_SYSRULES_gridColumn"(
      label: "Start Date",
      sortField: #"urn:appian:record-field:v1:2340d7f0-51da-4236-bc6c-427674e5a91b/startDate",
      value: fv!row[#"urn:appian:record-field:v1:2340d7f0-51da-4236-bc6c-427674e5a91b/startDate"],
      align: "END"
    ),
    #"SYSTEM_SYSRULES_gridColumn"(
      label: "Completed Date",
      sortField: #"urn:appian:record-field:v1:2340d7f0-51da-4236-bc6c-427674e5a91b/completedDate",
      value: fv!row[#"urn:appian:record-field:v1:2340d7f0-51da-4236-bc6c-427674e5a91b/completedDate"],
      align: "END"
    )
  },
  pageSize: 50,
  spacing: "STANDARD",
  borderStyle: "STANDARD",
  shadeAlternateRows: true
)</a:listViewTemplateExpr>
    <a:detailViewCfg>
      <a:nameExpr>="Summary"</a:nameExpr>
      <a:uiExpr>#"_a-0000e5f0-9185-8000-9baa-011c48011c48_48702"(
  HAP_Application: 
  #"_a-0000e5f0-9185-8000-9baa-011c48011c48_48630"(rv!identifier)
)</a:uiExpr>
      <a:visibilityExpr>=true()</a:visibilityExpr>
      <a:urlStub>summary</a:urlStub>
      <a:headerExpr/>
      <a:relatedActionCfg>600b7a4c-9b56-43bb-9aef-b05a0e2046c6</a:relatedActionCfg>
      <a:recordActionLaunchType>DIALOG</a:recordActionLaunchType>
    </a:detailViewCfg>
    <a:detailViewCfg>
      <a:nameExpr>"Applications"</a:nameExpr>
      <a:uiExpr>#"_a-0000e5f0-9185-8000-9baa-011c48011c48_47641"(
  applicantID: #"_a-0000e5f0-9185-8000-9baa-011c48011c48_48630"(rv!identifier)
)</a:uiExpr>
      <a:visibilityExpr>=true()</a:visibilityExpr>
      <a:urlStub>_LXU9lQ</a:urlStub>
      <a:headerExpr/>
      <a:recordActionLaunchType>DIALOG</a:recordActionLaunchType>
    </a:detailViewCfg>
    <a:defaultFilter>
      <a:field>applicant.firstName</a:field>
      <a:operator>=</a:operator>
      <a:valueExpression>user(loggedinuser(), "firstName")</a:valueExpression>
    </a:defaultFilter>
    <a:defaultFilter>
      <a:field>applicant.lastName</a:field>
      <a:operator>=</a:operator>
      <a:valueExpression>user(loggedinuser(), "lastName")</a:valueExpression>
    </a:defaultFilter>
    <a:defaultFilter>
      <a:field>applicant.primaryEmail</a:field>
      <a:operator>=</a:operator>
      <a:valueExpression>user(loggedinuser(), "email")</a:valueExpression>
    </a:defaultFilter>
    <a:relatedActionCfg a:uuid="e05edf0c-a58b-4887-8b25-1b368c7d7816">
      <a:target a:uuid="0002e64d-0457-8000-0751-7f0000014e7a" xsi:type="a:ProcessModel"/>
      <a:contextExpr>{
  applicationCDT: #"_a-0000e5f0-9185-8000-9baa-011c48011c48_48630"(rv!identifier),
  cancel: false
}</a:contextExpr>
      <a:visibilityExpr>if(and((rv!record[#"urn:appian:record-field:v1:2340d7f0-51da-4236-bc6c-427674e5a91b/applicationStatus"] = "Approved"),
isnull(rv!record[#"urn:appian:record-field:v1:2340d7f0-51da-4236-bc6c-427674e5a91b/acceptOrRejectAdmission"])),
true,
false)</a:visibilityExpr>
      <a:iconId>f017</a:iconId>
      <a:refId>600b7a4c-9b56-43bb-9aef-b05a0e2046c6</a:refId>
      <a:staticTitleString>Accept/Reject Admit</a:staticTitleString>
      <a:descriptionExpr>"Admissions Update " &amp;rv!record[#"urn:appian:record-field:v1:2340d7f0-51da-4236-bc6c-427674e5a91b/applicationID"]</a:descriptionExpr>
      <a:referenceKey>acceptRejectAdmit</a:referenceKey>
    </a:relatedActionCfg>
    <a:isSystem>false</a:isSystem>
    <a:dataSrcExpr/>
    <a:facetsListExpr/>
    <a:titleExpr/>
    <a:defaultFiltersExpr/>
    <a:layoutType>GRID</a:layoutType>
    <a:security>16383</a:security>
    <a:hideLatestNews>false</a:hideLatestNews>
    <a:hideNewsView>true</a:hideNewsView>
    <a:hideRelatedActionsView>true</a:hideRelatedActionsView>
    <a:isExportable>false</a:isExportable>
    <a:listViewSrcExpr/>
    <a:recordViewSrcExpr/>
    <a:iconId/>
    <a:listAutoRefreshInterval>0.0</a:listAutoRefreshInterval>
    <a:enabledFeatures>31</a:enabledFeatures>
    <a:isVisibleInRecordTypeList>false</a:isVisibleInRecordTypeList>
    <a:recordActionLaunchType>DIALOG</a:recordActionLaunchType>
  </recordType>
  <roleMap>
    <role name="record_type_administrator">
      <users/>
      <groups>
        <groupUuid>_e-0000e5f0-9185-8000-9af7-01075c01075c_549</groupUuid>
      </groups>
    </role>
    <role name="record_type_viewer">
      <users/>
      <groups>
        <groupUuid>_e-0000e5f0-9185-8000-9af7-01075c01075c_551</groupUuid>
      </groups>
    </role>
  </roleMap>
  <history>
    <historyInfo versionUuid="bfbafdd1-110f-470b-a2d9-407c1ab57fb2"/>
  </history>
  <migrationVersion>1</migrationVersion>
</recordTypeHaul>
