<?xml version="1.0" encoding="UTF-8"?>
<recordTypeHaul xmlns:a="http://www.appian.com/ae/types/2009" xmlns:xsi="http://www.w3.org/2001/XMLSchema-instance">
  <versionUuid>b75cbd18-218e-461d-9263-4915f33b23fb</versionUuid>
  <recordType a:uuid="7feb9b6b-4598-44c4-ab09-87ab8a7f5758" name="HAP Admission">
    <a:pluralName>HAP Admissions</a:pluralName>
    <a:description>List of applications to be reviewed by admissions.</a:description>
    <a:urlStub>U2kjbQ</a:urlStub>
    <a:source
      a:uuid="7c8b330c-076f-4af8-b812-1206ab00be2f@_a-0000e5f0-9185-8000-9baa-011c48011c48_34225" xsi:type="a:DataStoreEntity"/>
    <a:listViewTemplateExpr>#"SYSTEM_SYSRULES_recordGridField"(
  columns: {
    #"SYSTEM_SYSRULES_gridColumn"(
      label: "Application ID",
      sortField: #"urn:appian:record-field:v1:7feb9b6b-4598-44c4-ab09-87ab8a7f5758/applicationID",
      value: fv!row[#"urn:appian:record-field:v1:7feb9b6b-4598-44c4-ab09-87ab8a7f5758/applicationID"],
      align: "END"
    ),
    #"SYSTEM_SYSRULES_gridColumn"(
      label: "Category",
      sortField: #"urn:appian:record-field:v1:7feb9b6b-4598-44c4-ab09-87ab8a7f5758/category",
      value: #"SYSTEM_SYSRULES_linkField"(
        links: {
          #"SYSTEM_SYSRULES_recordLink"(
            label: fv!row[#"urn:appian:record-field:v1:7feb9b6b-4598-44c4-ab09-87ab8a7f5758/category"],
            recordType: #"urn:appian:record-type:v1:7feb9b6b-4598-44c4-ab09-87ab8a7f5758",
            identifier: fv!identifier
          )
        }
      )
    ),
    #"SYSTEM_SYSRULES_gridColumn"(
      label: "Category Desc",
      sortField: #"urn:appian:record-field:v1:7feb9b6b-4598-44c4-ab09-87ab8a7f5758/categoryDesc",
      value: fv!row[#"urn:appian:record-field:v1:7feb9b6b-4598-44c4-ab09-87ab8a7f5758/categoryDesc"]
    ),
    #"SYSTEM_SYSRULES_gridColumn"(
      label: "Category Document",
      sortField: #"urn:appian:record-field:v1:7feb9b6b-4598-44c4-ab09-87ab8a7f5758/categoryDocument",
      value: fv!row[#"urn:appian:record-field:v1:7feb9b6b-4598-44c4-ab09-87ab8a7f5758/categoryDocument"]
    ),
    #"SYSTEM_SYSRULES_gridColumn"(
      label: "Resume",
      sortField: #"urn:appian:record-field:v1:7feb9b6b-4598-44c4-ab09-87ab8a7f5758/resume",
      value: fv!row[#"urn:appian:record-field:v1:7feb9b6b-4598-44c4-ab09-87ab8a7f5758/resume"]
    ),
    #"SYSTEM_SYSRULES_gridColumn"(
      label: "Letter Of Recommendation",
      sortField: #"urn:appian:record-field:v1:7feb9b6b-4598-44c4-ab09-87ab8a7f5758/letterOfRecommendation",
      value: fv!row[#"urn:appian:record-field:v1:7feb9b6b-4598-44c4-ab09-87ab8a7f5758/letterOfRecommendation"]
    ),
    #"SYSTEM_SYSRULES_gridColumn"(
      label: "School",
      sortField: #"urn:appian:record-field:v1:7feb9b6b-4598-44c4-ab09-87ab8a7f5758/school",
      value: fv!row[#"urn:appian:record-field:v1:7feb9b6b-4598-44c4-ab09-87ab8a7f5758/school"]
    ),
    #"SYSTEM_SYSRULES_gridColumn"(
      label: "Program",
      sortField: #"urn:appian:record-field:v1:7feb9b6b-4598-44c4-ab09-87ab8a7f5758/program",
      value: fv!row[#"urn:appian:record-field:v1:7feb9b6b-4598-44c4-ab09-87ab8a7f5758/program"]
    ),
    #"SYSTEM_SYSRULES_gridColumn"(
      label: "Application Essay",
      sortField: #"urn:appian:record-field:v1:7feb9b6b-4598-44c4-ab09-87ab8a7f5758/applicationEssay",
      value: fv!row[#"urn:appian:record-field:v1:7feb9b6b-4598-44c4-ab09-87ab8a7f5758/applicationEssay"]
    ),
    #"SYSTEM_SYSRULES_gridColumn"(
      label: "Status",
      sortField: #"urn:appian:record-field:v1:7feb9b6b-4598-44c4-ab09-87ab8a7f5758/status",
      value: fv!row[#"urn:appian:record-field:v1:7feb9b6b-4598-44c4-ab09-87ab8a7f5758/status"]
    ),
    #"SYSTEM_SYSRULES_gridColumn"(
      label: "Semester",
      sortField: #"urn:appian:record-field:v1:7feb9b6b-4598-44c4-ab09-87ab8a7f5758/semester",
      value: fv!row[#"urn:appian:record-field:v1:7feb9b6b-4598-44c4-ab09-87ab8a7f5758/semester"]
    ),
    #"SYSTEM_SYSRULES_gridColumn"(
      label: "Applicant",
      sortField: #"urn:appian:record-field:v1:7feb9b6b-4598-44c4-ab09-87ab8a7f5758/applicant",
      value: fv!row[#"urn:appian:record-field:v1:7feb9b6b-4598-44c4-ab09-87ab8a7f5758/applicant"]
    ),
    #"SYSTEM_SYSRULES_gridColumn"(
      label: "Type Of Study",
      sortField: #"urn:appian:record-field:v1:7feb9b6b-4598-44c4-ab09-87ab8a7f5758/typeOfStudy",
      value: fv!row[#"urn:appian:record-field:v1:7feb9b6b-4598-44c4-ab09-87ab8a7f5758/typeOfStudy"]
    ),
    #"SYSTEM_SYSRULES_gridColumn"(
      label: "Is Alumnus Or Current Student",
      sortField: #"urn:appian:record-field:v1:7feb9b6b-4598-44c4-ab09-87ab8a7f5758/isAlumnusOrCurrentStudent",
      value: fv!row[#"urn:appian:record-field:v1:7feb9b6b-4598-44c4-ab09-87ab8a7f5758/isAlumnusOrCurrentStudent"]
    ),
    #"SYSTEM_SYSRULES_gridColumn"(
      label: "Net ID",
      sortField: #"urn:appian:record-field:v1:7feb9b6b-4598-44c4-ab09-87ab8a7f5758/netID",
      value: fv!row[#"urn:appian:record-field:v1:7feb9b6b-4598-44c4-ab09-87ab8a7f5758/netID"]
    ),
    #"SYSTEM_SYSRULES_gridColumn"(
      label: "Marital Status",
      sortField: #"urn:appian:record-field:v1:7feb9b6b-4598-44c4-ab09-87ab8a7f5758/maritalStatus",
      value: fv!row[#"urn:appian:record-field:v1:7feb9b6b-4598-44c4-ab09-87ab8a7f5758/maritalStatus"]
    ),
    #"SYSTEM_SYSRULES_gridColumn"(
      label: "Ind Vaccine Agreement",
      sortField: #"urn:appian:record-field:v1:7feb9b6b-4598-44c4-ab09-87ab8a7f5758/indVaccineAgreement",
      value: fv!row[#"urn:appian:record-field:v1:7feb9b6b-4598-44c4-ab09-87ab8a7f5758/indVaccineAgreement"]
    ),
    #"SYSTEM_SYSRULES_gridColumn"(
      label: "Ind Ferpa Agreement",
      sortField: #"urn:appian:record-field:v1:7feb9b6b-4598-44c4-ab09-87ab8a7f5758/indFerpaAgreement",
      value: fv!row[#"urn:appian:record-field:v1:7feb9b6b-4598-44c4-ab09-87ab8a7f5758/indFerpaAgreement"]
    ),
    #"SYSTEM_SYSRULES_gridColumn"(
      label: "Ind Auth Ack",
      sortField: #"urn:appian:record-field:v1:7feb9b6b-4598-44c4-ab09-87ab8a7f5758/indAuthAck",
      value: fv!row[#"urn:appian:record-field:v1:7feb9b6b-4598-44c4-ab09-87ab8a7f5758/indAuthAck"]
    ),
    #"SYSTEM_SYSRULES_gridColumn"(
      label: "Ind Pending Grad Sign",
      sortField: #"urn:appian:record-field:v1:7feb9b6b-4598-44c4-ab09-87ab8a7f5758/indPendingGradSign",
      value: fv!row[#"urn:appian:record-field:v1:7feb9b6b-4598-44c4-ab09-87ab8a7f5758/indPendingGradSign"]
    ),
    #"SYSTEM_SYSRULES_gridColumn"(
      label: "Ind Ndc Sign",
      sortField: #"urn:appian:record-field:v1:7feb9b6b-4598-44c4-ab09-87ab8a7f5758/indNdcSign",
      value: fv!row[#"urn:appian:record-field:v1:7feb9b6b-4598-44c4-ab09-87ab8a7f5758/indNdcSign"]
    ),
    #"SYSTEM_SYSRULES_gridColumn"(
      label: "Application Status",
      sortField: #"urn:appian:record-field:v1:7feb9b6b-4598-44c4-ab09-87ab8a7f5758/applicationStatus",
      value: fv!row[#"urn:appian:record-field:v1:7feb9b6b-4598-44c4-ab09-87ab8a7f5758/applicationStatus"]
    ),
    #"SYSTEM_SYSRULES_gridColumn"(
      label: "Start Date",
      sortField: #"urn:appian:record-field:v1:7feb9b6b-4598-44c4-ab09-87ab8a7f5758/startDate",
      value: fv!row[#"urn:appian:record-field:v1:7feb9b6b-4598-44c4-ab09-87ab8a7f5758/startDate"],
      align: "END"
    ),
    #"SYSTEM_SYSRULES_gridColumn"(
      label: "Completed Date",
      sortField: #"urn:appian:record-field:v1:7feb9b6b-4598-44c4-ab09-87ab8a7f5758/completedDate",
      value: fv!row[#"urn:appian:record-field:v1:7feb9b6b-4598-44c4-ab09-87ab8a7f5758/completedDate"],
      align: "END"
    ),
    #"SYSTEM_SYSRULES_gridColumn"(
      label: "Admisssions Action",
      sortField: #"urn:appian:record-field:v1:7feb9b6b-4598-44c4-ab09-87ab8a7f5758/admisssionsAction",
      value: fv!row[#"urn:appian:record-field:v1:7feb9b6b-4598-44c4-ab09-87ab8a7f5758/admisssionsAction"]
    ),
    #"SYSTEM_SYSRULES_gridColumn"(
      label: "Updated By Admissions On",
      sortField: #"urn:appian:record-field:v1:7feb9b6b-4598-44c4-ab09-87ab8a7f5758/updatedByStaff",
      value: fv!row[#"urn:appian:record-field:v1:7feb9b6b-4598-44c4-ab09-87ab8a7f5758/updatedByStaff"],
      align: "END"
    ),
    #"SYSTEM_SYSRULES_gridColumn"(
      label: "Updated By Staff",
      value: fv!row[#"urn:appian:record-field:v1:7feb9b6b-4598-44c4-ab09-87ab8a7f5758/updatedByStaff"]
    ),
    #"SYSTEM_SYSRULES_gridColumn"(
      label: "Updated By Counsellor On",
      sortField: #"urn:appian:record-field:v1:7feb9b6b-4598-44c4-ab09-87ab8a7f5758/updatedByCounsellorOn",
      value: fv!row[#"urn:appian:record-field:v1:7feb9b6b-4598-44c4-ab09-87ab8a7f5758/updatedByCounsellorOn"]
    ),
    #"SYSTEM_SYSRULES_gridColumn"(
      label: "Updated By Counsellor",
      sortField: #"urn:appian:record-field:v1:7feb9b6b-4598-44c4-ab09-87ab8a7f5758/updatedByCounsellor",
      value: fv!row[#"urn:appian:record-field:v1:7feb9b6b-4598-44c4-ab09-87ab8a7f5758/updatedByCounsellor"]
    ),
    #"SYSTEM_SYSRULES_gridColumn"(
      label: "Admissions Comments",
      sortField: #"urn:appian:record-field:v1:7feb9b6b-4598-44c4-ab09-87ab8a7f5758/admissionsComments",
      value: fv!row[#"urn:appian:record-field:v1:7feb9b6b-4598-44c4-ab09-87ab8a7f5758/admissionsComments"]
    ),
    #"SYSTEM_SYSRULES_gridColumn"(
      label: "Counsellor Comments",
      sortField: #"urn:appian:record-field:v1:7feb9b6b-4598-44c4-ab09-87ab8a7f5758/counsellorComments",
      value: fv!row[#"urn:appian:record-field:v1:7feb9b6b-4598-44c4-ab09-87ab8a7f5758/counsellorComments"]
    ),
    #"SYSTEM_SYSRULES_gridColumn"(
      label: "Counsellor Action",
      sortField: #"urn:appian:record-field:v1:7feb9b6b-4598-44c4-ab09-87ab8a7f5758/counsellorAction",
      value: fv!row[#"urn:appian:record-field:v1:7feb9b6b-4598-44c4-ab09-87ab8a7f5758/counsellorAction"]
    )
  },
  pageSize: 50,
  shadeAlternateRows: true
)</a:listViewTemplateExpr>
    <a:detailViewCfg>
      <a:nameExpr>="Summary"</a:nameExpr>
      <a:uiExpr/>
      <a:visibilityExpr>=true()</a:visibilityExpr>
      <a:urlStub>summary</a:urlStub>
      <a:headerExpr/>
      <a:recordActionLaunchType>DIALOG</a:recordActionLaunchType>
    </a:detailViewCfg>
    <a:isSystem>false</a:isSystem>
    <a:dataSrcExpr/>
    <a:facetsListExpr/>
    <a:titleExpr/>
    <a:defaultFiltersExpr>if(
  isusermemberofgroup(
    loggedInUser(),
    #"_a-0000e5f0-9185-8000-9baa-011c48011c48_46525"
  ),
  #"SYSTEM_SYSRULES_queryFilter"(
    field: "addedBy",
    operator: "=",
    value: loggedInUser()
  ),
  null
)</a:defaultFiltersExpr>
    <a:layoutType>GRID</a:layoutType>
    <a:security>16383</a:security>
    <a:hideLatestNews>false</a:hideLatestNews>
    <a:hideNewsView>true</a:hideNewsView>
    <a:hideRelatedActionsView>false</a:hideRelatedActionsView>
    <a:isExportable>true</a:isExportable>
    <a:listViewSrcExpr/>
    <a:recordViewSrcExpr/>
    <a:iconId/>
    <a:listAutoRefreshInterval>0.0</a:listAutoRefreshInterval>
    <a:enabledFeatures>31</a:enabledFeatures>
    <a:isVisibleInRecordTypeList>false</a:isVisibleInRecordTypeList>
    <a:recordActionLaunchType>DIALOG</a:recordActionLaunchType>
  </recordType>
  <roleMap>
    <role name="record_type_administrator">
      <users/>
      <groups>
        <groupUuid>_e-0000e5f0-9185-8000-9af7-01075c01075c_555</groupUuid>
      </groups>
    </role>
    <role name="record_type_viewer">
      <users/>
      <groups>
        <groupUuid>_e-0000e5f0-9185-8000-9af7-01075c01075c_553</groupUuid>
      </groups>
    </role>
  </roleMap>
  <history>
    <historyInfo versionUuid="b75cbd18-218e-461d-9263-4915f33b23fb"/>
  </history>
  <migrationVersion>1</migrationVersion>
</recordTypeHaul>
