<?xml version="1.0" encoding="UTF-8"?>
<recordTypeHaul xmlns:a="http://www.appian.com/ae/types/2009" xmlns:xsi="http://www.w3.org/2001/XMLSchema-instance">
  <versionUuid>7bd642d2-fe8e-40ae-a603-6639ffd8b3e7</versionUuid>
  <recordType a:uuid="809150a9-202e-4f78-b05b-76ad2bad23df" name="HAP_Applicant_View">
    <a:pluralName>HAP_Applicant_Views</a:pluralName>
    <a:description>generic applicant view</a:description>
    <a:urlStub>CavUIA</a:urlStub>
    <a:listViewTemplateExpr/>
    <a:detailViewCfg>
      <a:nameExpr>="Summary"</a:nameExpr>
      <a:uiExpr/>
      <a:visibilityExpr>=true()</a:visibilityExpr>
      <a:urlStub>summary</a:urlStub>
      <a:headerExpr/>
      <a:recordActionLaunchType>DIALOG</a:recordActionLaunchType>
    </a:detailViewCfg>
    <a:isSystem>false</a:isSystem>
    <a:dataSrcExpr/>
    <a:facetsListExpr/>
    <a:titleExpr/>
    <a:defaultFiltersExpr/>
    <a:layoutType>GRID</a:layoutType>
    <a:security>16383</a:security>
    <a:hideLatestNews>false</a:hideLatestNews>
    <a:hideNewsView>false</a:hideNewsView>
    <a:hideRelatedActionsView>false</a:hideRelatedActionsView>
    <a:isExportable>false</a:isExportable>
    <a:listViewSrcExpr/>
    <a:recordViewSrcExpr/>
    <a:iconId/>
    <a:listAutoRefreshInterval>0.0</a:listAutoRefreshInterval>
    <a:enabledFeatures>31</a:enabledFeatures>
    <a:isVisibleInRecordTypeList>false</a:isVisibleInRecordTypeList>
    <a:recordActionLaunchType>DIALOG</a:recordActionLaunchType>
  </recordType>
  <roleMap>
    <role name="record_type_administrator">
      <users/>
      <groups>
        <groupUuid>_e-0000e5f0-9185-8000-9af7-01075c01075c_549</groupUuid>
      </groups>
    </role>
    <role name="record_type_viewer">
      <users/>
      <groups>
        <groupUuid>_e-0000e5f0-9185-8000-9af7-01075c01075c_551</groupUuid>
      </groups>
    </role>
  </roleMap>
  <history>
    <historyInfo versionUuid="7bd642d2-fe8e-40ae-a603-6639ffd8b3e7"/>
  </history>
  <migrationVersion>1</migrationVersion>
</recordTypeHaul>
