<?xml version="1.0" encoding="UTF-8"?>
<recordTypeHaul xmlns:a="http://www.appian.com/ae/types/2009" xmlns:xsi="http://www.w3.org/2001/XMLSchema-instance">
  <versionUuid>3c4e1a90-622f-42ea-9111-3fa4ad03a6af</versionUuid>
  <recordType a:uuid="abec5e10-9999-432b-9ff7-67eb3a1a2354" name="HAP Applicant">
    <a:pluralName>HAP Applicants</a:pluralName>
    <a:description>This record type captures profile information of applicants.</a:description>
    <a:urlStub>RIc4rA</a:urlStub>
    <a:source
      a:uuid="5c0ccf59-76bb-4c44-88ab-146fc3de6079@_a-0000e5f0-9185-8000-9baa-011c48011c48_34225" xsi:type="a:DataStoreEntity"/>
    <a:listViewTemplateExpr>#"SYSTEM_SYSRULES_recordGridField"(
  columns: {
    #"SYSTEM_SYSRULES_gridColumn"(
      label: " UserID",
      sortField: #"urn:appian:record-field:v1:abec5e10-9999-432b-9ff7-67eb3a1a2354/ID",
      value: #"SYSTEM_SYSRULES_linkField"(
        links: {
          #"SYSTEM_SYSRULES_recordLink"(
            label: fv!row[#"urn:appian:record-field:v1:abec5e10-9999-432b-9ff7-67eb3a1a2354/ID"],
            recordType: #"urn:appian:record-type:v1:abec5e10-9999-432b-9ff7-67eb3a1a2354",
            identifier: fv!identifier
          )
        }
      ),
      align: "END"
    ),
    #"SYSTEM_SYSRULES_gridColumn"(
      label: "First Name",
      sortField: #"urn:appian:record-field:v1:abec5e10-9999-432b-9ff7-67eb3a1a2354/firstName",
      value: fv!row[#"urn:appian:record-field:v1:abec5e10-9999-432b-9ff7-67eb3a1a2354/firstName"],
      align: "START"
    ),
    #"SYSTEM_SYSRULES_gridColumn"(
      label: "Last Name",
      sortField: #"urn:appian:record-field:v1:abec5e10-9999-432b-9ff7-67eb3a1a2354/lastName",
      value: fv!row[#"urn:appian:record-field:v1:abec5e10-9999-432b-9ff7-67eb3a1a2354/lastName"]
    ),
    #"SYSTEM_SYSRULES_gridColumn"(
      label: "Middle Name",
      sortField: #"urn:appian:record-field:v1:abec5e10-9999-432b-9ff7-67eb3a1a2354/middleName",
      value: fv!row[#"urn:appian:record-field:v1:abec5e10-9999-432b-9ff7-67eb3a1a2354/middleName"]
    ),
    #"SYSTEM_SYSRULES_gridColumn"(
      label: "Suffix",
      sortField: #"urn:appian:record-field:v1:abec5e10-9999-432b-9ff7-67eb3a1a2354/nameSuffix",
      value: fv!row[#"urn:appian:record-field:v1:abec5e10-9999-432b-9ff7-67eb3a1a2354/nameSuffix"]
    ),
    #"SYSTEM_SYSRULES_gridColumn"(
      label: "Gender",
      sortField: #"urn:appian:record-field:v1:abec5e10-9999-432b-9ff7-67eb3a1a2354/gender",
      value: fv!row[#"urn:appian:record-field:v1:abec5e10-9999-432b-9ff7-67eb3a1a2354/gender"]
    ),
    #"SYSTEM_SYSRULES_gridColumn"(
      label: "Date Of Birth",
      sortField: #"urn:appian:record-field:v1:abec5e10-9999-432b-9ff7-67eb3a1a2354/dateOfBirth",
      value: fv!row[#"urn:appian:record-field:v1:abec5e10-9999-432b-9ff7-67eb3a1a2354/dateOfBirth"],
      align: "END"
    ),
    #"SYSTEM_SYSRULES_gridColumn"(
      label: "Mobile Phone",
      sortField: #"urn:appian:record-field:v1:abec5e10-9999-432b-9ff7-67eb3a1a2354/mobilePhone",
      value: fv!row[#"urn:appian:record-field:v1:abec5e10-9999-432b-9ff7-67eb3a1a2354/mobilePhone"]
    ),
    #"SYSTEM_SYSRULES_gridColumn"(
      label: "Primary Email",
      sortField: #"urn:appian:record-field:v1:abec5e10-9999-432b-9ff7-67eb3a1a2354/primaryEmail",
      value: fv!row[#"urn:appian:record-field:v1:abec5e10-9999-432b-9ff7-67eb3a1a2354/primaryEmail"]
    )
  },
  pageSize: 50,
  shadeAlternateRows: true
)</a:listViewTemplateExpr>
    <a:detailViewCfg>
      <a:nameExpr>="Summary"</a:nameExpr>
      <a:uiExpr>null()</a:uiExpr>
      <a:visibilityExpr>=true()</a:visibilityExpr>
      <a:urlStub>summary</a:urlStub>
      <a:headerExpr/>
      <a:recordActionLaunchType>DIALOG</a:recordActionLaunchType>
    </a:detailViewCfg>
    <a:isSystem>false</a:isSystem>
    <a:dataSrcExpr/>
    <a:facetsListExpr/>
    <a:titleExpr/>
    <a:defaultFiltersExpr/>
    <a:layoutType>GRID</a:layoutType>
    <a:security>16383</a:security>
    <a:hideLatestNews>false</a:hideLatestNews>
    <a:hideNewsView>false</a:hideNewsView>
    <a:hideRelatedActionsView>false</a:hideRelatedActionsView>
    <a:isExportable>true</a:isExportable>
    <a:listViewSrcExpr/>
    <a:recordViewSrcExpr/>
    <a:iconId/>
    <a:listAutoRefreshInterval>0.0</a:listAutoRefreshInterval>
    <a:enabledFeatures>31</a:enabledFeatures>
    <a:isVisibleInRecordTypeList>false</a:isVisibleInRecordTypeList>
    <a:recordActionLaunchType>DIALOG</a:recordActionLaunchType>
  </recordType>
  <roleMap>
    <role name="record_type_viewer">
      <users/>
      <groups>
        <groupUuid>_e-0000e5f0-9185-8000-9af7-01075c01075c_555</groupUuid>
        <groupUuid>_e-0000e5f0-9185-8000-9af7-01075c01075c_553</groupUuid>
      </groups>
    </role>
  </roleMap>
  <history>
    <historyInfo versionUuid="3c4e1a90-622f-42ea-9111-3fa4ad03a6af"/>
  </history>
  <migrationVersion>1</migrationVersion>
</recordTypeHaul>
