<?xml version="1.0" encoding="UTF-8"?>
<recordTypeHaul xmlns:a="http://www.appian.com/ae/types/2009" xmlns:xsi="http://www.w3.org/2001/XMLSchema-instance">
  <versionUuid>44431860-a329-4683-81b9-80560094d64a</versionUuid>
  <recordType a:uuid="f5daa87d-80cc-400d-8941-115882555247" name="HAP_Admissions_Staff_View">
    <a:pluralName>HAP_Admissions_Staff_Views</a:pluralName>
    <a:description>for the admission staff of UTD</a:description>
    <a:urlStub>pRzgfA</a:urlStub>
    <a:source
      a:uuid="7c8b330c-076f-4af8-b812-1206ab00be2f@_a-0000e5f0-9185-8000-9baa-011c48011c48_34225" xsi:type="a:DataStoreEntity"/>
    <a:listViewTemplateExpr>#"SYSTEM_SYSRULES_recordGridField"(
  columns: {
    #"SYSTEM_SYSRULES_gridColumn"(
      label: "Application ID",
      sortField: #"urn:appian:record-field:v1:f5daa87d-80cc-400d-8941-115882555247/applicationID",
      value: #"SYSTEM_SYSRULES_linkField"(
        links: {
          #"SYSTEM_SYSRULES_recordLink"(
            label: fv!row[#"urn:appian:record-field:v1:f5daa87d-80cc-400d-8941-115882555247/applicationID"],
            recordType: #"urn:appian:record-type:v1:f5daa87d-80cc-400d-8941-115882555247",
            identifier: fv!identifier
          )
        }
      )
    ),
    #"SYSTEM_SYSRULES_gridColumn"(
      label: "School",
      sortField: #"urn:appian:record-field:v1:f5daa87d-80cc-400d-8941-115882555247/school",
      value: fv!row[#"urn:appian:record-field:v1:f5daa87d-80cc-400d-8941-115882555247/school"]
    ),
    #"SYSTEM_SYSRULES_gridColumn"(
      label: "Program",
      sortField: #"urn:appian:record-field:v1:f5daa87d-80cc-400d-8941-115882555247/program",
      value: fv!row[#"urn:appian:record-field:v1:f5daa87d-80cc-400d-8941-115882555247/program"]
    ),
    #"SYSTEM_SYSRULES_gridColumn"(
      label: "Status",
      sortField: #"urn:appian:record-field:v1:f5daa87d-80cc-400d-8941-115882555247/status",
      value: fv!row[#"urn:appian:record-field:v1:f5daa87d-80cc-400d-8941-115882555247/status"]
    ),
    #"SYSTEM_SYSRULES_gridColumn"(
      label: "Semester",
      sortField: #"urn:appian:record-field:v1:f5daa87d-80cc-400d-8941-115882555247/semester",
      value: fv!row[#"urn:appian:record-field:v1:f5daa87d-80cc-400d-8941-115882555247/semester"]
    ),
    #"SYSTEM_SYSRULES_gridColumn"(
      label: "Type Of Study",
      sortField: #"urn:appian:record-field:v1:f5daa87d-80cc-400d-8941-115882555247/typeOfStudy",
      value: fv!row[#"urn:appian:record-field:v1:f5daa87d-80cc-400d-8941-115882555247/typeOfStudy"]
    ),
    #"SYSTEM_SYSRULES_gridColumn"(
      label: "Application Start Date",
      sortField: #"urn:appian:record-field:v1:f5daa87d-80cc-400d-8941-115882555247/startDate",
      value: fv!row[#"urn:appian:record-field:v1:f5daa87d-80cc-400d-8941-115882555247/startDate"],
      align: "END"
    ),
    #"SYSTEM_SYSRULES_gridColumn"(
      label: "Application Completed Date",
      sortField: #"urn:appian:record-field:v1:f5daa87d-80cc-400d-8941-115882555247/completedDate",
      value: fv!row[#"urn:appian:record-field:v1:f5daa87d-80cc-400d-8941-115882555247/completedDate"],
      align: "END"
    ),
    #"SYSTEM_SYSRULES_gridColumn"(
      label: "Application Status",
      sortField: #"urn:appian:record-field:v1:f5daa87d-80cc-400d-8941-115882555247/applicationStatus",
      value: fv!row[#"urn:appian:record-field:v1:f5daa87d-80cc-400d-8941-115882555247/applicationStatus"],
      align: "START"
    ),
    #"SYSTEM_SYSRULES_gridColumn"(
      label: "Updated By Counsellor On",
      sortField: #"urn:appian:record-field:v1:f5daa87d-80cc-400d-8941-115882555247/updatedByCounsellorOn",
      value: fv!row[#"urn:appian:record-field:v1:f5daa87d-80cc-400d-8941-115882555247/updatedByCounsellorOn"],
      align: "END"
    ),
    #"SYSTEM_SYSRULES_gridColumn"(
      label: "Is Legacy Applicant",
      sortField: #"urn:appian:record-field:v1:f5daa87d-80cc-400d-8941-115882555247/isLegacyApplicant",
      value: if(fv!row[#"urn:appian:record-field:v1:f5daa87d-80cc-400d-8941-115882555247/isLegacyApplicant"], "Yes", "No")
    )
  },
  pageSize: 50,
  shadeAlternateRows: true
)</a:listViewTemplateExpr>
    <a:fieldCfg a:uuid="3257e498-7e3a-4307-ac88-160b2f553593" name="View School">
      <a:isSortable>false</a:isSortable>
      <a:isSearchable>false</a:isSearchable>
      <a:isFacet>true</a:isFacet>
      <a:facetType>EXPRESSION</a:facetType>
      <a:isExclusiveFacet>true</a:isExclusiveFacet>
      <a:facetExpr>#"SYSTEM_SYSRULES_recordFilterList"(
  name: "School Type",
  options:
  #"SYSTEM_SYSRULES_forEach"(
    items: #"_a-0000e5f0-9185-8000-9baa-011c48011c48_34278",
    expression: #"SYSTEM_SYSRULES_recordFilterListOption"(
      id: fv!index,
      name: fv!item,
      filter: #"SYSTEM_SYSRULES_queryFilter"(
        field: #"urn:appian:record-field:v1:f5daa87d-80cc-400d-8941-115882555247/school",
        operator: "=",
        value: fv!item
      )
    )
  )
)</a:facetExpr>
      <a:sortOrderIndex>0</a:sortOrderIndex>
      <a:facetOrderIndex>0</a:facetOrderIndex>
      <a:visibilityExpr/>
      <a:defaultOptionExpr/>
      <a:allowMultipleSelections>true</a:allowMultipleSelections>
    </a:fieldCfg>
    <a:fieldCfg a:uuid="2b25b0b2-c8c1-4ea6-9d5f-72d45f8a89ec" name="View Graduation Status">
      <a:isSortable>false</a:isSortable>
      <a:isSearchable>false</a:isSearchable>
      <a:isFacet>true</a:isFacet>
      <a:facetType>EXPRESSION</a:facetType>
      <a:isExclusiveFacet>true</a:isExclusiveFacet>
      <a:facetExpr>#"SYSTEM_SYSRULES_recordFilterList"(
  name: "Graduation Status",
  options:
  #"SYSTEM_SYSRULES_forEach"(
    items: #"_a-0000e5f0-9185-8000-9baa-011c48011c48_36649",
    expression: #"SYSTEM_SYSRULES_recordFilterListOption"(
      id: fv!index,
      name: fv!item,
      filter: #"SYSTEM_SYSRULES_queryFilter"(
        field: #"urn:appian:record-field:v1:f5daa87d-80cc-400d-8941-115882555247/status",
        operator: "=",
        value: fv!item
      )
    )
  )
)</a:facetExpr>
      <a:sortOrderIndex>1</a:sortOrderIndex>
      <a:facetOrderIndex>1</a:facetOrderIndex>
      <a:visibilityExpr/>
      <a:defaultOptionExpr/>
      <a:allowMultipleSelections>true</a:allowMultipleSelections>
    </a:fieldCfg>
    <a:detailViewCfg>
      <a:nameExpr>="Summary"</a:nameExpr>
      <a:uiExpr>#"_a-0000e5f0-9185-8000-9baa-011c48011c48_50123"(
  HAP_Application: 
  #"_a-0000e5f0-9185-8000-9baa-011c48011c48_48630"(rv!identifier)
)</a:uiExpr>
      <a:visibilityExpr>=true()</a:visibilityExpr>
      <a:urlStub>summary</a:urlStub>
      <a:headerExpr/>
      <a:recordActionLaunchType>DIALOG</a:recordActionLaunchType>
    </a:detailViewCfg>
    <a:defaultFilter>
      <a:field>admisssionsAction</a:field>
      <a:operator>is null</a:operator>
      <a:valueExpression/>
    </a:defaultFilter>
    <a:isSystem>false</a:isSystem>
    <a:dataSrcExpr/>
    <a:facetsListExpr/>
    <a:titleExpr/>
    <a:defaultFiltersExpr/>
    <a:layoutType>GRID</a:layoutType>
    <a:security>16383</a:security>
    <a:hideLatestNews>false</a:hideLatestNews>
    <a:hideNewsView>true</a:hideNewsView>
    <a:hideRelatedActionsView>true</a:hideRelatedActionsView>
    <a:isExportable>true</a:isExportable>
    <a:listViewSrcExpr/>
    <a:recordViewSrcExpr/>
    <a:iconId/>
    <a:listAutoRefreshInterval>0.0</a:listAutoRefreshInterval>
    <a:enabledFeatures>31</a:enabledFeatures>
    <a:isVisibleInRecordTypeList>false</a:isVisibleInRecordTypeList>
    <a:recordActionLaunchType>DIALOG</a:recordActionLaunchType>
  </recordType>
  <roleMap>
    <role name="record_type_administrator">
      <users/>
      <groups>
        <groupUuid>_e-0000e5f0-9185-8000-9af7-01075c01075c_549</groupUuid>
      </groups>
    </role>
    <role name="record_type_editor">
      <users/>
      <groups>
        <groupUuid>_e-0000e5f0-9185-8000-9af7-01075c01075c_555</groupUuid>
      </groups>
    </role>
  </roleMap>
  <history>
    <historyInfo versionUuid="44431860-a329-4683-81b9-80560094d64a"/>
  </history>
  <migrationVersion>1</migrationVersion>
</recordTypeHaul>
