<?xml version="1.0" encoding="UTF-8" standalone="yes"?>
<groupHaul xmlns:a="http://www.appian.com/ae/types/2009">
    <versionUuid>_e-0000e5f0-9185-8000-9af7-01075c01075c_590</versionUuid>
    <group>
        <name>School of Behavioral and Brain Sciences (BBS)</name>
        <securityMap>SECURITYMAP_TEAM</securityMap>
        <uuid>_e-0000e5f0-9185-8000-9af7-01075c01075c_589</uuid>
        <groupTypeUuid>SYSTEM_GROUP_TYPE_CUSTOM</groupTypeUuid>
        <parentUuid>_e-0000e5f0-9185-8000-9af7-01075c01075c_553</parentUuid>
        <description>Counselor group for BBS. </description>
        <delegatedCreation>false</delegatedCreation>
        <memberPolicy>MEMBERPOLICY_CLOSED</memberPolicy>
        <viewingPolicy>VIEWINGPOLICY_LOW</viewingPolicy>
        <attributes/>
    </group>
    <members>
        <users/>
        <groups/>
    </members>
    <admins>
        <users/>
        <groups/>
    </admins>
    <ruleSet/>
    <history>
        <historyInfo versionUuid="_e-0000e5f0-9185-8000-9af7-01075c01075c_590"/>
    </history>
</groupHaul>
