<?xml version="1.0" encoding="UTF-8" standalone="yes"?>
<tempoReportHaul xmlns:a="http://www.appian.com/ae/types/2009">
    <versionUuid>7ea2c75f-aa9c-4339-a3c3-ec244d5b601f</versionUuid>
    <tempoReport a:uuid="49bc2fc3-0df7-411d-b8f5-1dca22d6d59c" name="HAP Application Reports">
        <a:description>Reports for the application.</a:description>
        <a:uiExpr>=#"_a-0000e5f0-9185-8000-9baa-011c48011c48_47125"()</a:uiExpr>
        <a:urlStub>okjGoA</a:urlStub>
    </tempoReport>
    <roleMap>
        <role name="report_administrator">
            <users/>
            <groups>
                <groupUuid>_e-0000e5f0-9185-8000-9af7-01075c01075c_549</groupUuid>
            </groups>
        </role>
        <role name="report_viewer">
            <users/>
            <groups>
                <groupUuid>_e-0000e5f0-9185-8000-9af7-01075c01075c_555</groupUuid>
                <groupUuid>_e-0000e5f0-9185-8000-9af7-01075c01075c_553</groupUuid>
            </groups>
        </role>
    </roleMap>
    <history>
        <historyInfo versionUuid="7ea2c75f-aa9c-4339-a3c3-ec244d5b601f"/>
    </history>
</tempoReportHaul>
