<?xml version="1.0" encoding="UTF-8" standalone="yes"?>
<applicationHaul xmlns:a="http://www.appian.com/ae/types/2009">
    <versionUuid>_a-0000e5f0-9185-8000-9baa-011c48011c48_52365</versionUuid>
    <application>
        <name>Happians Hackathon - UTD Admissions</name>
        <uuid>_a-0000e5f0-9185-8000-9baa-011c48011c48_34195</uuid>
        <description>Application created during the Hackathon for the UTD Admissions system. </description>
        <parentUuid>SYSTEM_APPLICATIONS_ROOT</parentUuid>
        <visibility>
            <advertise>false</advertise>
            <hierarchy>true</hierarchy>
            <indexable>true</indexable>
            <quota>false</quota>
            <searchable>true</searchable>
            <system>false</system>
            <unlogged>false</unlogged>
        </visibility>
        <urlIdentifier>9f5LWA</urlIdentifier>
        <published>true</published>
        <public>false</public>
        <associatedObjects>
            <globalIdMap>
                <item>
                    <type>datatype</type>
                    <uuids>
                        <uuid>{urn:com:appian:types.utd.af}HAP_Application</uuid>
                        <uuid>{urn:com:appian:types.utd.af}HAP_Applicant</uuid>
                        <uuid>{urn:com:appian:types}HAP_Exam_Scores</uuid>
                        <uuid>{urn:com:appian:types}HAP_Academic_Background</uuid>
                    </uuids>
                </item>
                <item>
                    <type>dataStore</type>
                    <uuids>
                        <uuid>_a-0000e5f0-9185-8000-9baa-011c48011c48_34225</uuid>
                    </uuids>
                </item>
                <item>
                    <type>user</type>
                    <uuids/>
                </item>
                <item>
                    <type>groupType</type>
                    <uuids/>
                </item>
                <item>
                    <type>group</type>
                    <uuids>
                        <uuid>_e-0000e5f0-9185-8000-9af7-01075c01075c_549</uuid>
                        <uuid>_e-0000e5f0-9185-8000-9af7-01075c01075c_551</uuid>
                        <uuid>_e-0000e5f0-9185-8000-9af7-01075c01075c_553</uuid>
                        <uuid>_e-0000e5f0-9185-8000-9af7-01075c01075c_555</uuid>
                        <uuid>_e-0000e5f0-9185-8000-9af7-01075c01075c_557</uuid>
                        <uuid>_e-0000e5f0-9185-8000-9af7-01075c01075c_585</uuid>
                        <uuid>_e-0000e5f0-9185-8000-9af7-01075c01075c_587</uuid>
                        <uuid>_e-0000e5f0-9185-8000-9af7-01075c01075c_589</uuid>
                        <uuid>_e-0000e5f0-9185-8000-9af7-01075c01075c_591</uuid>
                        <uuid>_e-0000e5f0-9185-8000-9af7-01075c01075c_593</uuid>
                        <uuid>_e-0000e5f0-9185-8000-9af7-01075c01075c_595</uuid>
                        <uuid>_e-0000e5f0-9185-8000-9af7-01075c01075c_597</uuid>
                        <uuid>_e-0000e5f0-9185-8000-9af7-01075c01075c_599</uuid>
                    </uuids>
                </item>
                <item>
                    <type>content</type>
                    <uuids>
                        <uuid>_a-0000e5f0-9185-8000-9baa-011c48011c48_34262</uuid>
                        <uuid>_a-0000e5f0-9185-8000-9baa-011c48011c48_34273</uuid>
                        <uuid>_a-0000e5f0-9185-8000-9baa-011c48011c48_34278</uuid>
                        <uuid>_a-0000e5f0-9185-8000-9baa-011c48011c48_34284</uuid>
                        <uuid>_a-0000e5f0-9185-8000-9baa-011c48011c48_34433</uuid>
                        <uuid>_a-0000e5f0-9185-8000-9baa-011c48011c48_34846</uuid>
                        <uuid>_a-0000e5f0-9185-8000-9baa-011c48011c48_35234</uuid>
                        <uuid>_a-0000e5f0-9185-8000-9baa-011c48011c48_35301</uuid>
                        <uuid>_a-0000e5f0-9185-8000-9baa-011c48011c48_35453</uuid>
                        <uuid>_a-0000e5f0-9185-8000-9baa-011c48011c48_35462</uuid>
                        <uuid>_a-0000e5f0-9185-8000-9baa-011c48011c48_35468</uuid>
                        <uuid>_a-0000e5f0-9185-8000-9baa-011c48011c48_35541</uuid>
                        <uuid>_a-0000e5f0-9185-8000-9baa-011c48011c48_35630</uuid>
                        <uuid>_a-0000e5f0-9185-8000-9baa-011c48011c48_35643</uuid>
                        <uuid>_a-0000e5f0-9185-8000-9baa-011c48011c48_35720</uuid>
                        <uuid>_a-0000e5f0-9185-8000-9baa-011c48011c48_36309</uuid>
                        <uuid>_a-0000e5f0-9185-8000-9baa-011c48011c48_36370</uuid>
                        <uuid>_a-0000e5f0-9185-8000-9baa-011c48011c48_36377</uuid>
                        <uuid>_a-0000e5f0-9185-8000-9baa-011c48011c48_36519</uuid>
                        <uuid>_a-0000e5f0-9185-8000-9baa-011c48011c48_36525</uuid>
                        <uuid>_a-0000e5f0-9185-8000-9baa-011c48011c48_36649</uuid>
                        <uuid>_a-0000e5f0-9185-8000-9baa-011c48011c48_36897</uuid>
                        <uuid>_a-0000e5f0-9185-8000-9baa-011c48011c48_37172</uuid>
                        <uuid>_a-0000e5f0-9185-8000-9baa-011c48011c48_37178</uuid>
                        <uuid>_a-0000e5f0-9185-8000-9baa-011c48011c48_37184</uuid>
                        <uuid>_a-0000e5f0-9185-8000-9baa-011c48011c48_37635</uuid>
                        <uuid>_a-0000e5f0-9185-8000-9baa-011c48011c48_40118</uuid>
                        <uuid>_a-0000e5f0-9185-8000-9baa-011c48011c48_40161</uuid>
                        <uuid>_a-0000e5f0-9185-8000-9baa-011c48011c48_40167</uuid>
                        <uuid>_a-0000e5f0-9185-8000-9baa-011c48011c48_40262</uuid>
                        <uuid>_a-0000e5f0-9185-8000-9baa-011c48011c48_40275</uuid>
                        <uuid>_a-0000e5f0-9185-8000-9baa-011c48011c48_40281</uuid>
                        <uuid>_a-0000e5f0-9185-8000-9baa-011c48011c48_40327</uuid>
                        <uuid>_a-0000e5f0-9185-8000-9baa-011c48011c48_41495</uuid>
                        <uuid>_a-0000e5f0-9185-8000-9baa-011c48011c48_41671</uuid>
                        <uuid>_a-0000e5f0-9185-8000-9baa-011c48011c48_42369</uuid>
                        <uuid>_a-0000e5f0-9185-8000-9baa-011c48011c48_42405</uuid>
                        <uuid>_a-0000e5f0-9185-8000-9baa-011c48011c48_42440</uuid>
                        <uuid>_a-0000e5f0-9185-8000-9baa-011c48011c48_42782</uuid>
                        <uuid>_a-0000e5f0-9185-8000-9baa-011c48011c48_43376</uuid>
                        <uuid>_a-0000e5f0-9185-8000-9baa-011c48011c48_43395</uuid>
                        <uuid>_a-0000e5f0-9185-8000-9baa-011c48011c48_43685</uuid>
                        <uuid>_a-0000e5f0-9185-8000-9baa-011c48011c48_44336</uuid>
                        <uuid>_a-0000e5f0-9185-8000-9baa-011c48011c48_44547</uuid>
                        <uuid>_a-0000e5f0-9185-8000-9baa-011c48011c48_44995</uuid>
                        <uuid>_a-0000e5f0-9185-8000-9baa-011c48011c48_46525</uuid>
                        <uuid>_a-0000e5f0-9185-8000-9baa-011c48011c48_46555</uuid>
                        <uuid>_a-0000e5f0-9185-8000-9baa-011c48011c48_47033</uuid>
                        <uuid>_a-0000e5f0-9185-8000-9baa-011c48011c48_47046</uuid>
                        <uuid>_a-0000e5f0-9185-8000-9baa-011c48011c48_47059</uuid>
                        <uuid>_a-0000e5f0-9185-8000-9baa-011c48011c48_47125</uuid>
                        <uuid>_a-0000e5f0-9185-8000-9baa-011c48011c48_47149</uuid>
                        <uuid>_a-0000e5f0-9185-8000-9baa-011c48011c48_47182</uuid>
                        <uuid>_a-0000e5f0-9185-8000-9baa-011c48011c48_47641</uuid>
                        <uuid>_a-0000e5f0-9185-8000-9baa-011c48011c48_48208</uuid>
                        <uuid>_a-0000e5f0-9185-8000-9baa-011c48011c48_48214</uuid>
                        <uuid>_a-0000e5f0-9185-8000-9baa-011c48011c48_48593</uuid>
                        <uuid>_a-0000e5f0-9185-8000-9baa-011c48011c48_48630</uuid>
                        <uuid>_a-0000e5f0-9185-8000-9baa-011c48011c48_48702</uuid>
                        <uuid>_a-0000e5f0-9185-8000-9baa-011c48011c48_48868</uuid>
                        <uuid>_a-0000e5f0-9185-8000-9baa-011c48011c48_49366</uuid>
                        <uuid>_a-0000e5f0-9185-8000-9baa-011c48011c48_49372</uuid>
                        <uuid>_a-0000e5f0-9185-8000-9baa-011c48011c48_49378</uuid>
                        <uuid>_a-0000e5f0-9185-8000-9baa-011c48011c48_49426</uuid>
                        <uuid>_a-0000e5f0-9185-8000-9baa-011c48011c48_50123</uuid>
                        <uuid>_a-0000e5f0-9185-8000-9baa-011c48011c48_50175</uuid>
                        <uuid>_a-0000e5f0-9185-8000-9baa-011c48011c48_51460</uuid>
                        <uuid>_a-0000e5f0-9185-8000-9baa-011c48011c48_51673</uuid>
                        <uuid>_a-0000e5f0-9185-8000-9baa-011c48011c48_51688</uuid>
                        <uuid>_a-0000e5f0-9185-8000-9baa-011c48011c48_51842</uuid>
                    </uuids>
                </item>
                <item>
                    <type>forum</type>
                    <uuids/>
                </item>
                <item>
                    <type>processModelFolder</type>
                    <uuids>
                        <uuid>_g-0000e5f0-9185-8000-f9bf-7f0000014e7a_223</uuid>
                    </uuids>
                </item>
                <item>
                    <type>processModel</type>
                    <uuids>
                        <uuid>0002e649-98c1-8000-04b7-7f0000014e7a</uuid>
                        <uuid>0002e649-992f-8000-04bc-7f0000014e7a</uuid>
                        <uuid>0007e64a-b6be-8000-0553-7f0000014e7a</uuid>
                        <uuid>0002e64c-132a-8000-069f-7f0000014e7a</uuid>
                        <uuid>0019e64c-2355-8000-06c1-7f0000014e7a</uuid>
                        <uuid>0002e64c-40b9-8000-06fd-7f0000014e7a</uuid>
                        <uuid>0002e64d-0457-8000-0751-7f0000014e7a</uuid>
                        <uuid>0002e64d-16d8-8000-0762-7f0000014e7a</uuid>
                    </uuids>
                </item>
                <item>
                    <type>portlet</type>
                    <uuids/>
                </item>
                <item>
                    <type>page</type>
                    <uuids/>
                </item>
                <item>
                    <type>application</type>
                    <uuids/>
                </item>
                <item>
                    <type>tempoFeed</type>
                    <uuids/>
                </item>
                <item>
                    <type>recordType</type>
                    <uuids>
                        <uuid>7feb9b6b-4598-44c4-ab09-87ab8a7f5758</uuid>
                        <uuid>abec5e10-9999-432b-9ff7-67eb3a1a2354</uuid>
                        <uuid>2340d7f0-51da-4236-bc6c-427674e5a91b</uuid>
                        <uuid>809150a9-202e-4f78-b05b-76ad2bad23df</uuid>
                        <uuid>127b9e3c-de4a-4eac-8897-5f656fa604ed</uuid>
                        <uuid>f5daa87d-80cc-400d-8941-115882555247</uuid>
                    </uuids>
                </item>
                <item>
                    <type>tempoReport</type>
                    <uuids>
                        <uuid>49bc2fc3-0df7-411d-b8f5-1dca22d6d59c</uuid>
                    </uuids>
                </item>
                <item>
                    <type>taskReport</type>
                    <uuids/>
                </item>
                <item>
                    <type>webApi</type>
                    <uuids/>
                </item>
                <item>
                    <type>site</type>
                    <uuids>
                        <uuid>d96cbd2b-52d8-4646-88c8-54843c3b41bb</uuid>
                        <uuid>6de46daa-7770-4b3d-8ce1-cc337d4b99e9</uuid>
                        <uuid>245486c8-5f4d-4f8f-8c2c-fd2259bf0b8f</uuid>
                        <uuid>a28fc9c6-1574-4fe8-aa6a-9bb406607879</uuid>
                        <uuid>3d331816-1899-44c3-bd9f-054612dc4b0f</uuid>
                        <uuid>412a41a5-db32-4a92-ad5a-ff1ca0bcfba1</uuid>
                    </uuids>
                </item>
                <item>
                    <type>adminSetting</type>
                    <uuids/>
                </item>
                <item>
                    <type>thirdPartyCredentials</type>
                    <uuids/>
                </item>
                <item>
                    <type>dataSource</type>
                    <uuids/>
                </item>
                <item>
                    <type>embeddedSailTheme</type>
                    <uuids/>
                </item>
                <item>
                    <type>connectedSystem</type>
                    <uuids/>
                </item>
                <item>
                    <type>pluginInfo</type>
                    <uuids/>
                </item>
                <item>
                    <type>featureFlag</type>
                    <uuids/>
                </item>
            </globalIdMap>
        </associatedObjects>
        <applicationNavigation/>
        <applicationActions/>
        <associatedApplications>
            <globalIdMap>
                <item>
                    <type>datatype</type>
                    <uuids/>
                </item>
                <item>
                    <type>dataStore</type>
                    <uuids/>
                </item>
                <item>
                    <type>user</type>
                    <uuids/>
                </item>
                <item>
                    <type>groupType</type>
                    <uuids/>
                </item>
                <item>
                    <type>group</type>
                    <uuids/>
                </item>
                <item>
                    <type>content</type>
                    <uuids/>
                </item>
                <item>
                    <type>forum</type>
                    <uuids/>
                </item>
                <item>
                    <type>processModelFolder</type>
                    <uuids/>
                </item>
                <item>
                    <type>processModel</type>
                    <uuids/>
                </item>
                <item>
                    <type>portlet</type>
                    <uuids/>
                </item>
                <item>
                    <type>page</type>
                    <uuids/>
                </item>
                <item>
                    <type>application</type>
                    <uuids/>
                </item>
                <item>
                    <type>tempoFeed</type>
                    <uuids/>
                </item>
                <item>
                    <type>recordType</type>
                    <uuids/>
                </item>
                <item>
                    <type>tempoReport</type>
                    <uuids/>
                </item>
                <item>
                    <type>taskReport</type>
                    <uuids/>
                </item>
                <item>
                    <type>webApi</type>
                    <uuids/>
                </item>
                <item>
                    <type>site</type>
                    <uuids/>
                </item>
                <item>
                    <type>adminSetting</type>
                    <uuids/>
                </item>
                <item>
                    <type>thirdPartyCredentials</type>
                    <uuids/>
                </item>
                <item>
                    <type>dataSource</type>
                    <uuids/>
                </item>
                <item>
                    <type>embeddedSailTheme</type>
                    <uuids/>
                </item>
                <item>
                    <type>connectedSystem</type>
                    <uuids/>
                </item>
                <item>
                    <type>pluginInfo</type>
                    <uuids/>
                </item>
                <item>
                    <type>featureFlag</type>
                    <uuids/>
                </item>
            </globalIdMap>
        </associatedApplications>
    </application>
    <roleMap>
        <contentRoleMap public="true">
            <role inherit="false" allowForAll="false" name="readers">
                <users/>
                <groups/>
            </role>
            <role inherit="false" allowForAll="false" name="authors">
                <users/>
                <groups/>
            </role>
            <role inherit="false" allowForAll="false" name="administrators">
                <users/>
                <groups/>
            </role>
            <role inherit="false" allowForAll="false" name="denyReaders">
                <users/>
                <groups/>
            </role>
            <role inherit="false" allowForAll="false" name="denyAuthors">
                <users/>
                <groups/>
            </role>
            <role inherit="false" allowForAll="false" name="denyAdministrators">
                <users/>
                <groups/>
            </role>
        </contentRoleMap>
    </roleMap>
    <history>
        <historyInfo versionUuid="_a-0000e5f0-9185-8000-9baa-011c48011c48_52365"/>
    </history>
    <postDeploymentProcessData/>
</applicationHaul>
